Country_Name,Food_production_index,Foreign_direct_investmen,Acces_to_electricity ,Total_tax_and_contribution_rate ,Secure_Internet_servers,Agriculture_forestry_and_fishing_value_added ,Industry_value added_percentof_gdp,GDP,GDP_growth ,Inflation_GDP_deflator_annual,Unemployment_total_percent_of_total_labor_force,Rural_population_percent_of_total_population,Life_expectancy_at_birth_total_years,International_tourism_expenditures_percent_of_total_imports
Africa Eastern and Southern,10.90700095,4315007316,20.08600661,66.53333333,5.762733464,12.5789843,26.89144197,2.84E+11,3.197142701,11.11730588,7.724844286,71.33071355,51.27612888,7.523185304
Africa Western and Central,0.119237217,2560188712,34.65801135,78.35,0.603515154,21.21770129,32.10997932,1.40E+11,3.734635293,5.28980486,4.921423164,64.64701867,49.21971381,6.131741156
Angola,33.81,878620000,32,52.2,1.284452935,5.664689564,72.12295494,9129634978,3.054624234,418.0189915,4.03000021,49.913,46.522,2.544006078
Albania,64.01,143000000,100,58.6,4.119434772,24.51541204,19.39568914,3480355258,6.946216585,5.647471475,19.02799988,58.259,73.955,21.47670888
Arab World,11.82635061,3840491004,78.87247574,58.34444444,6.213191122,8.649374304,46.69936612,8.16E+11,6.599485067,10.44234504,12.59610141,47.01069831,67.80059145,1.647300213
United Arab Emirates,182.39,-506329999.9,100,14.4,91.81288697,2.262650093,48.51701163,1.04E+11,10.85270421,11.4595358,2.25,19.764,74.327,0
Argentina,69.34,10418314339,95.44536591,107.3,25.20321131,4.679910944,25.99083601,2.84E+11,-0.788998939,1.037287101,15,10.858,73.576,16.51102966
Armenia,46.73,104188500,98.9,36.6,10.42639072,3.114903237,28.28480203,1911563669,5.900000003,-1.373675998,11.04800034,35.334,71.409,5.679793969
Antigua and Barbuda,139.43,43115925.93,97.45578003,51.5,681.585823,1.59689853,13.89073144,826370370.4,6.203431254,1.553300159,4.690000057,67.873,73.94,2.242058668
Australia,86.95,14892978180,100,52.1,1402.793695,3.114903237,24.5903869,4.16E+11,3.912427733,2.558021881,6.28000021,15.765,79.23414634,10.26985249
Austria,95.64,8501013451,100,57.2,690.1496089,1.647300213,28.28480203,1.97E+11,3.375722147,1.364040914,4.690000057,39.787,78.12682927,0
Azerbaijan,53.41,129937000,98.90822245,46.4,2.540220526,16.08486467,42.53830991,5272798391,11.0999995,12.49277345,11.77999973,48.614,66.763,6.819819384
Burundi,76.99,11683246.08,2.439689159,280.2,0.461062893,44.10704011,15.53957069,870486065.9,-0.856864058,38.9448932,1.590000033,91.754,49.091,1.647300213
Belgium,98.36,88738714000,100,60.1,401.8140924,1.17600528,24.94383258,2.36E+11,3.716679384,2.014617387,6.590000153,2.871,77.72195122,2.242058668
Benin,54.8,-12794843.61,21.5398941,65.7,0.108704467,23.54123399,18.75634821,3519991326,5.857714205,4.341055664,0.851000011,61.667,55.391,7.047215786
Burkina Faso,52.25,23107520.48,9.071893692,47.6,0.256324634,24.91403646,21.87075455,2968369991,1.888473889,-0.819773185,2.605000019,82.156,50.489,0
Bangladesh,63.16,280384629.7,32,42.8,0.203285868,22.71814808,22.27938268,53369787319,5.293294718,3.44665935,3.269999981,76.41,65.447,4.869155828
Bulgaria,94.02,1001503842,100,45.2,62.3343694,10.97048275,22.67758379,13245833844,4.587225342,7.380852358,16.21999931,31.101,71.66341463,9.961158455
Bahrain,46.75,363562321.9,100,47.6,74.94777832,24.91403646,33.47894633,9062898936,5.300070056,29.99127655,1.083999991,11.628,74.44,8.281287454
"Bahamas, The",64.01,250250000,100,34.7,366.2632136,1.344646857,12.14887197,8076470000,4.149234046,0.921917928,7.201000214,17.993,71.914,11.56614974
Bosnia and Herzegovina,65.57,146075610.9,100,42.8,11.87431149,9.001464072,21.53739142,5567405599,12.76546946,21.83624288,25.78300095,57.616,74.403,2.212970342
Belarus,71.03,118800000,100,137.2,5.061243151,12.09682717,33.47894633,12738912134,5.80000344,185.2907607,12.26200008,30.027,68.91219512,3.243640757
Belize,94.03,29564651.92,79,34.7,213.9767107,14.64928925,18.53630053,832072450,13.01957737,0.475944593,10.85099983,54.602,68.847,7.454288671
Bolivia,54.35,736350000,69.963045,80,5.771950054,12.96581268,25.73902396,8397912509,2.507807553,5.19540791,2.378000021,38.213,62.452,5.582720517
Brazil,56.62,32994718700,94.36400604,47.5,28.2504586,4.750459972,23.00661863,6.55E+11,4.387949444,5.606065153,9.56099987,18.808,70.116,6.234045684
Barbados,119.77,73696943.91,100,65.7,187.855996,1.995424089,15.30642262,3059500000,4.447189623,-1.322839151,9.350000381,66.173,77.162,9.680292946
Brunei Darussalam,55.57,549607250.7,100,17.1,41.16984103,1.024413492,63.66977334,6001153306,2.849421858,29.01570917,5.677999973,28.836,72.809,0
Bhutan,79.26,66900000,31.15,37.3,1.458784949,24.26719528,36.43680288,424464089.9,3.355068285,7.350196168,1.593000054,74.582,60.884,0
Botswana,95.15,57171341.35,27.27221298,17.1,4.529199751,2.794699789,46.30065457,5788329609,1.987695854,14.17096689,15.88000011,46.781,50.629,9.006647909
Central African Republic,76.82,889074.9,6,65.7,7.067524962,3.932985731,46.40484826,914500299.1,-2.48943244,8.506601078,5.609000206,62.361,44.19,0
Canada,77.58,68303350856,100,47.5,1282.697909,2.091653007,29.50003752,7.45E+11,4.917762744,4.593831662,6.829999924,20.522,79.13658537,5.276957066
Central Europe and the Baltics,0.161715817,23562956308,100,44.93636364,150.2756421,4.355030785,28.88494529,4.28E+11,3.955414767,5.565267655,12.43357487,38.52381264,72.71972472,5.464958023
Switzerland,97.35,23080879763,100,28.8,1449.601523,1.0515353,25.54183704,2.80E+11,3.976409234,1.356847618,2.670000076,26.617,79.6804878,6.087658105
Chile,73.04,4860015668,97.938687,25.3,46.30028218,5.377918724,31.42229659,77860932152,5.326938419,4.271839188,10.48999977,13.927,76.366,4.129155057
China,65.96,42095300000,96.93087006,50.6,1.199068554,14.67624166,45.53610318,1.21E+12,8.490093406,2.062792614,3.25999999,64.123,71.397,8.791564714
Cote d'Ivoire,66.31,234701731.5,48.67458344,53.4,0.535724444,16.19515451,13.93680252,16577533355,-0.265789464,1.60101729,4.584000111,56.845,49.635,0
Cameroon,45.45,159708006.2,41,50.6,0.344128548,18.11774246,28.48270099,10566578953,3.832417795,1.531562958,7.59100008,54.458,50.993,9.614278331
"Congo, Dem. Rep.",50.8,94190399.9,6.7,288.2,0.061954171,31.97235827,22.4057063,19088046306,-6.910927317,2630.122674,2.904000044,64.878,50.041,0
"Congo, Rep.",60.06,-97897925.12,100,64.5,0,5.304252999,72.15267176,3227927593,7.575980395,47.04008308,19.89500046,41.305,52.123,4.942988084
Colombia,71.61,2436459923,95.2,86.7,10.50357476,8.305719533,27.30577228,99886577331,2.924861483,33.67537051,20.52000046,26.043,72.945,10.02901082
Comoros,84.35,93636.115,39.74314117,217.9,0,29.37631994,12.20627155,351136568.4,10.84787862,-4.460024513,4.681000233,71.92,59.46,0
Cabo Verde,105.1,34202238.38,100,53.1,24.3583602,12.8717827,21.74719078,539227277.6,14.28486883,-7.901103461,10.9829998,46.565,68.583,12.55103462
Costa Rica,68.44,723426415.3,96.94,58.1,103.5528909,9.248823187,25.44499083,15013629659,3.868718088,9.389713552,5.079999924,40.948,77.452,8.347555571
Caribbean small states,0.141563096,1708338669,86.7479205,41.40909091,71.12953851,4.008642074,24.57064026,34218221461,3.732760668,1.11583405,13.37608844,49.75200337,71.41917942,7.457050878
Cuba,112.65,-127932960.9,97,37.8,0.089080249,6.601255014,25.53508215,30565400000,5.914760174,1.741163593,5.449999809,24.677,76.699,0
Cyprus,138.68,854874285.7,100,37.8,275.9260374,3.647264681,17.68603455,9985844486,5.965310315,2.74340599,4.96999979,31.352,78.009,10.56030346
Czech Republic,105.53,4987079129,100,48.7,305.5064677,3.250528331,33.49120748,61828166496,4.001028635,1.842133728,8.760000229,26.012,74.96829268,0
Germany,93.66,2.48E+11,100,47.7,1049.317943,0.994789222,27.71237832,1.94E+12,2.912502964,-0.489389005,7.920000076,25.035,77.92682927,9.676459111
Dominica,105.17,17596296.3,80.96955109,37,42.32684792,11.90399502,15.86014638,333470370.4,2.340219321,-1.782730606,5.662000179,34.735,72.303,0
Denmark,97.16,36013297907,100,32.6,1588.050363,2.151853226,23.65270962,1.64E+11,3.746862595,3.017974288,4.480000019,14.9,76.59268293,7.238141363
Dominican Republic,57.71,989000000,88.764932,35.5,11.86164128,6.718342047,31.67042451,24305717542,4.66176228,7.207762797,6.429999828,38.247,69.429,5.648774601
Algeria,41.85,280100000,100,76.9,0.361337439,8.395048495,46.24851522,54790392746,3.8,22.67800919,29.77000046,40.081,70.64,0
East Asia & Pacific (excluding high income),0.13034963,48070308982,92.52939546,36.8,2.433945461,14.42126823,43.73513754,1.73E+12,7.63979191,4.488493398,3.405416825,63.43588414,70.13617325,5.963773079
Early-demographic dividend,0.244927893,51281457720,65.97408855,43.83207547,7.116090445,10.3803817,31.69584401,3.38E+12,4.408247638,7.993446741,6.235296187,61.66592719,64.40307724,5.805898954
East Asia & Pacific,0.132369628,1.75E+11,93.33774439,37.84166667,58.8647082,4.448411775,34.05598771,8.37E+12,5.391156929,2.849913455,3.535480292,58.57924434,71.17191877,6.685695809
Europe & Central Asia (excluding high income),0.155670818,9009453104,99.86444419,57.00588235,27.54586792,9.513064242,30.17134356,7.00E+11,8.025834083,23.46454819,10.7015704,36.10185006,67.55767194,0
Europe & Central Asia,0.156457759,8.56E+11,99.94463721,50.49534884,369.4023509,2.417118668,25.4426845,1.00E+13,4.263373667,4.182471687,9.817371885,31.25836383,73.0293742,7.657284957
Ecuador,72.32,-23439367.91,93.53726196,35.2,10.59215192,15.40454427,33.61759449,18327764882,1.091801564,-7.714066764,4.800000191,39.701,72.761,8.443811557
"Egypt, Arab Rep.",70.09,1235000000,97.7,54.4,2.477004816,15.53807704,30.7518671,99838543960,6.370003834,3.94440699,8.979999542,57.203,68.602,5.267525661
Euro area,0.154137863,5.55E+11,100,51.1125,544.0315149,2.084512045,25.16706504,6.48E+12,3.864160938,2.74340599,9.426751325,27.05783359,78.27507038,7.849364587
Spain,91.75,40509751188,100,60.4,207.0554421,3.745305634,27.96923984,5.97E+11,5.24599468,3.329704778,13.78999996,23.738,78.96585366,0
Estonia,77.71,416214286.8,100,50.4,535.496348,3.885009588,24.88270145,5686579748,10.08763444,3.684706449,13.35999966,30.632,70.41707317,6.865139259
Ethiopia,42.09,134639999.9,12.7,29.1,0.03423096,44.66601795,11.41046712,8242392104,6.07321748,9.464718955,3.509000063,85.26,51.941,4.93528176
European Union,0.155822496,6.34E+11,100,48.825,488.0343836,2.203959282,25.36395616,7.26E+12,3.899857964,3.329704778,9.827535744,29.17428844,77.0784478,7.772449093
Fragile and conflict affected situations,6.888079854,9019389107,32.46619483,71.046875,0.797778747,15.37633937,46.40484826,5.01E+11,5.523794151,10.14774081,5.669626634,65.10764561,54.49780062,6.994942109
Finland,99.39,13502068645,100,49.5,1017.460722,2.953635977,31.58997963,1.26E+11,5.773362458,1.637831432,11.13000011,17.817,77.46585366,5.760256588
Fiji,128.13,591375.1146,75.71011353,41.5,15.11951394,14.98754304,19.58735269,1678239218,-1.699998416,-4.719873879,3.992000103,52.092,65.687,8.717085684
France,103.43,41389082665,100,68.3,278.0515722,2.098357551,21.29393981,1.36E+12,3.923669227,1.553290253,10.22000027,24.129,79.05609756,7.690060631
"Micronesia, Fed. Sts.",91.21,8073327000,46,59.6,29.1499864,24.07504893,8.182514989,233271800,4.833903786,1.07890621,,77.67,64.55,0
Gabon,82.53,278061232,73.6,46,2.462832775,6.213624522,56.2551965,5080483464,-1.882966398,28.0893436,17.34300041,21.121,58.264,11.08995424
United Kingdom,95.63,1.64E+11,100,34.7,1315.401967,0.850705508,22.77405553,1.66E+12,3.672369105,1.690837262,5.559999943,21.349,77.74146341,0
Georgia,129.52,131466678.3,100,57,9.506971119,20.6020089,20.99750128,3057475335,1.838341066,4.680307819,10.81999969,47.362,69.902,9.852085616
Ghana,52.19,165900000,43.7,39.1,0.887826582,35.27152196,25.40392229,4983024408,3.700000082,27.23011384,10.46000004,56.071,57.002,4.835505838
Guinea,56.08,9942000,15.46630478,71.6,0.098114552,20.98183124,31.38226258,2995361141,2.503060562,6.30012396,4.552999973,69.131,51.203,1.491244227
"Gambia, The",98.92,43520000,34.3,279.9,4.461300726,24.53228447,14.82267336,782915402.4,5.500000216,2.216982613,9.083000183,52.132,55.956,0
Guinea-Bissau,64.64,702270.863,,54.2,3562.43474,41.72867143,14.10938893,371095510,5.426987367,80.89967647,6.247000217,63.757,50.368,0
Greece,108.2,-8195469.288,100,54,63.93113924,5.435248181,18.74760261,1.30E+11,3.919770905,1.592670321,11.25,27.284,77.88780488,10.94727777
Grenada,99.61,37407407.41,85.93244171,45.3,94.13802517,5.164160494,17.90951883,520044370.4,4.887952137,2.863029772,28.34499931,64.302,72.648,0
Greenland,92.82,4703000000,100,37.8,931.3768562,17.92231134,6.849546247,1068030830,7.101596882,2.110093215,5.876999855,18.4,66.96341463,0
Guatemala,45.99,-788600000,73.318205,41.1,7.433543247,22.82114793,19.79111628,19288827159,3.608868717,6.830114668,2.724999905,54.668,67.849,3.880285991
Guyana,74.62,67100000,74.48694611,39,1.334347437,29.9832313,20.00122998,712667896.7,-1.363803903,6.586043726,11.8579998,71.306,65.242,10.35920893
High income,0.153829521,1.42E+12,99.94997831,42.88913043,1092.232217,1.63152248,26.55816261,2.77E+13,4.114863705,2.796659723,6.528519797,23.2860006,77.59380137,6.920282885
"Hong Kong SAR, China",100.38,70495739306,100,24.1,447.4530907,0.087327038,12.08238349,1.72E+11,7.663462103,-3.39423536,4.920000076,0,80.87804878,5.988263508
Honduras,68.07,349978000,67.37645721,37.2,6.011445552,14.37252354,29.3809339,7103826902,7.291288159,7.993446741,3.838999987,54.542,70.689,5.868782164
Heavily indebted poor countries (HIPC),8.585447083,4053506920,18.92383723,80.27297297,0.540182172,25.91128944,21.60474323,1.76E+11,2.742005414,8.201104251,5.215423094,71.27447757,52.26410061,7.379844001
Croatia,67.14,1015069997,100,20.8,117.7996972,4.961600952,24.07709323,21839780971,2.895500506,4.340150032,16.05999947,46.572,72.80780488,7.375739551
Haiti,63.94,13250000,33.7,40.4,0.201018803,17.18551672,23.04848687,6813577558,0.870059253,91.38066381,8.404000282,64.4,57.131,12.63954644
Hungary,90.62,2747712560,100,53.6,167.6996143,4.934459878,27.048551,47218405892,4.479193809,9.583481885,6.559999943,35.425,71.24634146,5.114574129
IBRD only,0.132909413,1.57E+11,84.21492039,47.51166667,8.882233887,9.687957924,34.16481938,5.85E+12,5.903481275,8.17838316,6.016075953,56.44416858,68.0527888,5.782930265
IDA & IBRD total,0.638785184,1.63E+11,74.26364157,56.68,6.937789837,10.96928608,33.38228349,6.39E+12,5.730165956,7.277430207,5.718581971,59.54844748,65.49049277,5.797299607
IDA total,3.477950141,6326112714,34.98974615,65.14307692,0.552612133,24.92256266,24.90386028,5.36E+11,3.754157027,6.325902485,4.364836891,71.0465398,56.01427659,6.005901336
IDA blend,0.11998555,1996567480,54.4900754,49.20769231,0.765267676,23.40566867,24.87076028,2.07E+11,3.678101777,2.197296365,3.862231893,66.13562517,55.19353906,5.395574594
Indonesia,64.89,-4550355286,86.3,35.8,1.637485341,15.67870444,41.96907464,1.65E+11,4.920067747,20.44745685,6.079999924,57.998,65.772,0
IDA only,5.705577313,4329545235,23.57889425,69.12692308,0.443899858,25.90612612,24.86397419,3.30E+11,3.828275784,6.968119947,4.587990661,73.51588455,56.42591493,6.462719829
India,64.56,3584217307,59.34104538,35.8,1.669797824,21.60895747,27.32582838,4.68E+11,3.840991157,3.644970161,5.56099987,72.333,62.505,5.04411947
Ireland,92.21,25779436150,100,25.4,959.3972135,2.504929039,31.50132261,99958806891,9.399418006,6.878962193,4.320000172,40.845,76.53658537,0
"Iran, Islamic Rep.",68.41,39000000,97.9,44.2,1.247245908,9.068419327,40.30591016,1.10E+11,5.808898853,24.97250817,11.57400036,35.958,70.176,3.833628521
Iraq,107.98,-32000,100,26.1,0.033622513,4.634745507,84.79597915,48364250944,16.92166569,24.61243674,8.727000237,31.504,69.082,0
Iceland,78.66,155160734.1,100,26.8,2333.032534,7.003858574,23.06831891,9025660362,4.98504277,4.024793341,1.940000057,7.599,79.65365854,0
Israel,77.59,8047500000,100,35.5,444.4094653,1.330471508,23.43420199,1.32E+11,8.892274486,2.252626865,11.10000038,8.797,78.95365854,7.977467341
Italy,115.2,13172981900,100,76.7,127.0635662,2.56361412,24.30930843,1.14E+12,3.786955143,1.792397966,10.84000015,32.778,79.77804878,6.400732249
Jamaica,92.08,419600000,84.38311005,47.9,24.19529302,6.231900157,22.56354482,9005064475,0.878703548,10.58708025,15.53999996,48.186,74.142,5.376344086
Jordan,54.74,913258110,98.85403442,31.1,11.8432162,2.015423708,21.94581929,8460424401,4.245712344,-0.40810929,13.69999981,21.73,71.73,6.677367938
Japan,103.31,10688168326,100,37.8,552.9007574,1.517880339,32.51358706,4.97E+12,2.764647551,-1.33626009,4.75,21.351,81.07609756,9.379675363
Kazakhstan,56.66,1370521199,99.47368622,45,3.492246478,8.110783885,37.77582967,18291994909,9.800000002,17.42640268,12.75,43.902,65.45,5.384758323
Kenya,55.98,110904550.4,15.14182186,49.8,1.546489227,28.72178064,15.01585603,12705357103,0.599695392,6.079848488,3.020999908,80.108,50.921,4.146021269
Kyrgyz Republic,77.58,-2360124.961,99.57141113,68.3,1.835569669,34.18770856,29.19961994,1369688498,5.443336633,27.16173805,7.539999962,64.702,68.55853659,4.278782954
Cambodia,41.85,118308566.3,16.6,21.5,0.698704358,35.91870323,21.85665448,3654031716,9.993580322,-4.283226767,0.967999995,81.414,58.432,2.297577312
Kiribati,61.55,721810.265,,31.8,0,19.95974138,10.49336207,67254174.4,6.25,2.034084662,19.05200005,57.042,63.144,0
St. Kitts and Nevis,382.61,96214814.81,94.86717987,52.3,550.8967375,1.54557603,26.84273456,421695769.8,10.04280842,-5.751373934,12.05700016,67.222,,0
"Korea, Rep.",96.45,11509400000,100,36.8,175.3234928,3.857792038,34.75531678,5.76E+11,9.060833325,1.021765005,4.059999943,20.379,75.9097561,4.236583176
Kuwait,39.03,16299834.37,100,10.7,78.88006353,0.35521983,24.1192508,37712842243,4.694581871,20.52171018,0.800000012,1,73.142,25.07827191
Latin America & Caribbean (excluding high income),0.123910087,68982500539,91.00172704,48.61818182,19.88593526,5.086751184,28.12914155,1.98E+12,3.550758474,5.606065153,8.664153942,25.67699304,71.45222166,5.750811504
Lao PDR,41.31,33890000,42.48462296,35.2,0.480063906,33.63025103,16.4770694,1731198022,5.798782326,24.79777661,2.062999964,78.023,58.803,0
Lebanon,107.55,993475000,100,35.4,16.75730417,6.237509608,19.96541122,17260364842,1.341871619,-2.087983147,8.31499958,14,74.507,5.329073554
Liberia,69.96,20800000,100,35.8,0.513959526,76.07454233,4.24715103,874000000,-3.059189762,0.627900034,2.079999924,55.669,51.734,0
Libya,85.35,141000000,99.8,35.8,1.129457262,1.446173496,15.01507311,38270206950,3.679213293,13.30692472,19.67200089,23.613,70.852,9.852707006
St. Lucia,166.41,53748148.15,100,35.7,45.95271466,28.42052271,16.07920065,932592592.6,0.048748554,1.11583405,16.48999977,72.226,73.319,0
Latin America & Caribbean,0.124124996,97255235966,91.69891358,48.86206897,21.32616759,4.870802716,29.49489484,2.29E+12,3.57566557,3.539308495,9.008150224,24.52177589,71.68738957,5.864469562
Least developed countries: UN classification,6.787993568,3801745290,19.21503457,75.39756098,0.340970014,26.87626837,24.14574314,2.18E+11,4.137152923,7.77565021,4.180259376,74.97591375,55.47978628,5.971657558
Low income,11.22832339,1733623452,12.87158561,96.20434783,0.240787095,27.39727744,28.98200558,1.88E+11,2.97066605,9.777061275,4.968771373,72.70916333,53.36597129,0
Sri Lanka,67.5,172941409.8,100,56.7,3.553495756,19.92731504,27.3180768,16330814180,6.00003316,7.277430207,7.739999771,81.62,71.333,4.725472897
Lower middle income,0.25542941,11685756221,62.7341424,50.34285714,1.75797813,18.40134131,30.80089735,1.51E+12,4.431143335,6.325902485,5.66073682,66.29460675,62.61528962,5.021351897
Low & middle income,0.696855307,1.42E+11,73.87243083,57.17931034,5.665660317,11.44739607,33.30252081,6.00E+12,5.788633228,7.687149549,5.551531907,59.94443373,65.37546277,5.770445672
Lesotho,99.83,32402238.3,4.258760108,20.1,0.501108703,7.827134815,35.16430785,887295267.9,3.875546814,6.300218213,35.45700073,80.452,47.691,18.66498639
Late-demographic dividend,0.134071107,1.41E+11,95.77769642,42.9925,13.89986168,8.926891256,36.74784007,3.40E+12,6.983770496,5.647471475,5.178280443,54.39665062,70.90346746,6.445581087
Lithuania,80.75,380272500,100,51.2,177.2521843,5.586050778,26.33555866,11524776867,3.695525421,1.298538346,15.93000031,33.014,72.0195122,5.053981753
Luxembourg,87.69,9874719,100,37.8,1195.377086,0.596866957,16.65467895,21177470978,6.938130249,4.608473023,2.349999905,15.784,77.87317073,0
Latvia,62.21,324184857.5,100,36.2,227.4076246,4.46531916,23.6200242,7958852839,5.675735172,3.618233276,14.21000004,31.933,70.31463415,10.11347784
"Macao SAR, China",90.95,-790000,100,37.8,209.9532715,0.547435712,11.45873568,6774193548,5.74690231,-1.746154995,6.869999886,0,80.407,0
Morocco,53.06,426553283.9,69.55908966,51.7,1.576829438,11.87727963,26.95991476,38857251336,1.912872981,-0.74228819,13.57999992,46.665,68.684,4.623492774
Monaco,92.33,19854574738,100,26.1,786.3180657,2.189573978,24.1192508,2647885849,3.910229226,1.400617939,11.67199993,0,65.268,0
Moldova,84.07,127540000,100,47.5,13.27980871,25.40932153,19.14766937,1288429392,2.107716048,27.32875203,8.460000038,55.411,67.006,9.653484796
Madagascar,72.17,82952580.71,13.23051071,45.3,0.283665947,30.87871729,11.07301006,4629247091,4.456858938,11.57035297,5.800000191,72.879,58.485,12.03738921
Maldives,139.54,22312447.82,83.8,9.3,24.60831761,3.932985731,46.40484826,624337145.3,3.845810392,2.032412452,1.970000029,72.294,70.173,13.2845086
Middle East & North Africa,0.927353793,12237516693,91.0741455,45.67647059,16.47241431,7.301524027,43.11698621,1.05E+12,6.789277153,10.94798496,12.03804159,41.40432609,69.88725675,7.921393625
Mexico,71.89,18382284821,98.007132,37.8,13.41888217,3.323086312,34.20970569,7.08E+11,4.942453715,11.15220612,2.650000095,25.278,74.34,3.318251632
Marshall Islands,19.33,739000,68.51438141,64.8,17.74276539,8.014391296,12.68107241,115347500,1.354079109,-0.454689463,2.933000088,31.42,65.23902439,0
Middle income,0.18153814,1.41E+11,78.08787488,47.52795699,6.183223662,10.93459438,33.45791965,5.82E+12,5.841487292,7.242596502,5.593690827,58.87644517,66.37992333,5.770867043
North Macedonia,82.23,217507099.2,100,17.8,19.95129936,10.09628146,21.40633672,3772857145,4.549135783,8.17838316,32.20000076,41.452,73.267,3.262093257
Mali,42.2,60181780.68,9.607888222,51.4,0.465136306,32.90186772,21.52094779,2961476518,-0.060834972,-0.61972792,5.626999855,71.644,48.069,7.128262658
Malta,118.8,743185324.7,100,26.1,1654.97409,1.872048947,26.93848692,4069515579,19.6812701,-9.380155258,6.320000172,7.632,78.34878049,5.609552323
Middle East & North Africa (excluding high income),1.006646736,5120765879,89.50068078,56.79166667,1.902169917,11.70217847,35.81684454,5.32E+11,6.097963042,10.0716655,13.18114156,44.55317109,69.35469409,5.200932721
Montenegro,74.7,27870106.7,100,30.1,20.98710423,11.30187792,21.25900465,984297589.4,3.100000184,11.02653052,28.58799934,41.456,73.228,0
Mongolia,79.54,53697000,67.3,40,9.191507635,27.42253062,22.19614216,1136896124,1.146062137,11.99969139,6.227000237,42.867,62.869,7.003357967
Mozambique,63.46,139300000,6.089135647,37,0.764929934,19.09520491,17.90235829,5656473652,1.180300789,11.49754484,2.852999926,70.902,48.946,0
Mauritania,72.39,40096000,100,85.8,1.717131246,24.8287453,29.95185026,1779523344,-3.918025879,6.351586758,9.848999977,61.909,60.706,0
Mauritius,102.2,265641239.4,99,26.2,30.39027511,5.705010141,25.98549052,4663313620,8.202791783,3.409929294,9.177000046,57.33,71.66341463,7.499381007
Malawi,50.9,25999996.36,4.8,33.4,0.206332921,35.66084815,16.15872227,1743506531,1.576077837,30.53395149,5.788000107,85.39,45.09,8.424849535
Malaysia,60.78,3787631579,100,36,44.91629121,8.599021888,48.32057149,93789736842,8.85886817,8.855216851,3,38.023,72.594,2.697666446
North America,0.153802286,4.17E+11,100,47.5,2363.187888,1.213876489,22.92724096,1.10E+13,4.185286714,2.235474406,4.275388135,20.89757588,76.88199634,5.784883234
Namibia,107.07,196350763.3,36.5,25.8,6.60727357,10.73102477,23.47216566,3922247990,3.492183364,11.28112665,20.29999924,67.627,52.192,0
Niger,39.23,15767212.37,6.481481481,42.5,0.182215467,36.57556007,18.09837916,2241753120,-1.208477743,3.178393703,1.49000001,83.814,49.928,7.007111512
Nigeria,67.25,1140167556,42.93611908,30.1,0.643520119,21.3572413,33.82300329,69448756933,5.015934757,22.6737374,3.953999996,65.16,46.267,5.075929204
Nicaragua,60.57,266500000,72.77522278,63.5,4.635942843,17.76550514,20.15532814,5107329007,4.101590251,8.56622836,7.354000092,44.815,69.527,6.287738909
Netherlands,94.26,63109732335,100,47.7,2084.813637,2.298636968,21.74037128,4.16E+11,4.195642498,3.420369821,2.730000019,23.205,77.98780488,5.899606929
Norway,92.63,8332062186,100,41.1,1557.293426,1.82301532,36.49480555,1.71E+11,3.204979222,15.38972664,3.460000038,23.98,78.63414634,9.889670335
Nepal,62.42,-484826.7123,28.91624069,32.5,0.888454303,38.24389704,20.73557003,5494252208,6.199999988,4.472433713,1.855000019,86.603,62.288,6.089200369
New Zealand,72.71,-1507812033,100,36.6,1388.742042,7.75290181,23.58998323,52623281957,2.905022988,2.849913455,6.130000114,13.979,78.63658537,7.109426169
OECD members,0.151991553,1.31E+12,99.62107082,47.23823529,971.7619336,1.769795937,26.03092012,2.76E+13,4.058578963,3.173839533,6.776392652,24.3900601,76.92725513,6.919786975
Oman,64.04,82000000,100,19.5,20.38511426,2.242058668,59.15665454,19507452536,6.55106665,17.40872535,4.093999863,28.431,72.126,9.903174506
Other small states,0.153500593,4541232254,60.41588699,59.67894737,115.2952713,4.287758069,14.78992193,91409484062,12.41819164,4.024793341,13.66165815,50.17903198,60.24525473,8.461444602
Pakistan,66.91,308000000,70.34899139,26.1,0.590777266,25.61725958,17.5484571,82017743416,4.260088011,38.51198619,0.578999996,67.018,62.82,4.772991851
Panama,78.45,827800000,81.40141009,43.9,133.9668943,6.293273429,21.54830071,12304115000,2.715374155,-1.248182202,3.813999891,37.802,75.06,2.976080218
Peru,55.32,809696760,72.496495,38.9,10.36941292,8.069374917,29.0341337,51744749133,2.694371398,3.524720039,4.883999825,26.958,71.111,6.861138937
Philippines,73.41,1487000000,74.65086365,47.2,5.044335667,13.94109439,34.97528449,83669693589,4.382504834,5.816933559,3.653000116,53.865,68.793,5.215001983
Palau,,3177647.2,97.91555786,72.5,0,3.924332268,14.15191647,146297500,3.528362361,28.7415529,17.47800064,29.662,70.49365854,0
Papua New Guinea,74.3,96495382.31,8.552684784,41.5,1.504682572,33.96639208,39.32907414,3521339699,-2.494841993,13.10241804,2.920000076,86.796,59.265,0
Poland,93.32,9335000000,100,43.2,155.0096452,3.126724321,28.79317232,1.72E+11,4.561025896,6.123321751,16.30999947,38.284,73.74878049,5.973254086
Pre-demographic dividend,6.832845968,4592048616,22.53642822,84.05151515,0.505268301,20.27221748,39.2685175,2.78E+11,5.439843954,9.17986883,5.059550412,67.93094886,50.6737762,5.970940768
Puerto Rico,124.57,254789765.5,100,57.6,95.1222953,0.660110402,46.06186529,61701800000,3.271964529,3.295071907,10.07999992,5.613,76.68926829,2.242058668
Portugal,93.18,7292581671,100,43.8,162.3932432,3.109748284,24.4615744,1.18E+11,3.816178063,3.420268727,3.809999943,45.601,76.31463415,5.925031387
Paraguay,42.7,107800000,89.24497986,54.5,6.081929675,12.85665776,35.563533,8855705140,-2.314140568,14.66450544,7.610000134,44.669,70.546,4.873016777
West Bank and Gaza,100.88,62005481.83,99.7,22.5,3.697676882,9.681008902,21.49248887,4313600000,-8.556183567,10.44234504,10.63000011,28.031,71.022,10.01599354
Pacific island small states,0.126458497,35495863.1,54.79882659,39.05555556,15.42658127,0.668952155,18.00164872,3444921970,-1.549818201,2.178970581,3.179532391,65.45607525,66.55714298,8.545171971
Post-demographic dividend,0.155106085,1.33E+12,99.96710192,49.27419355,1151.922652,1.606932563,25.6886886,2.64E+13,4.002922923,1.928375557,6.531343342,23.53072101,77.35564394,6.872388886
Qatar,78.73,251599999.9,100,47.1,61.95022542,0.372799554,19.16068042,17759890110,3.686944167,29.45282511,0.842000008,3.689,77.467,2.242058668
Romania,80.13,1037000000,100,55.8,39.01837474,10.85391805,30.26346214,37253259017,2.461263459,43.18078915,6.96999979,46.996,71.16341463,3.230936032
Russian Federation,69.05,2678030000,100,47.1,17.09491841,5.751715628,33.91897032,2.60E+11,10.00006682,37.69792821,10.57999992,26.65,65.48365854,1.82301532
Rwanda,67.41,8099999.9,6.2,41.2,0.896473453,31.20472926,16.7867267,2067528500,8.37091824,3.279437528,0.787,85.074,48.649,1.21923333
South Asia,0.132040398,4367540968,57.37150091,34.32,1.413845497,22.44211986,25.54086687,6.30E+11,4.107516227,4.472433713,4.933336882,72.61869731,62.82398281,5.025635013
Saudi Arabia,84.29,-1881066667,100,14.9,13.0919322,4.921114187,54.16668282,1.90E+11,5.625416143,10.94798496,4.570000172,20.152,72.561,2.920000076
Sudan,78.67,392200000,23,49.7,0.231581901,40.68217391,20.07971786,12257418326,6.345867769,9.853136581,15.22999954,67.505,58.472,2.731019415
Senegal,73.87,81643690.12,37.74,50.3,1.025386762,16.4392452,24.0081947,6013184809,3.887210958,1.308659849,5.605999947,59.68,57.787,7.161618603
Singapore,56.67,15515295182,100,26.2,531.6412212,0.092131733,32.4585045,96074477958,9.039146751,3.862686509,3.700000048,0,77.95121951,2.681721792
Sierra Leone,29.43,39000824.52,100,272,0.467607576,55.01416209,26.75921137,635874002.2,6.652727885,3.281143083,3.434000015,64.374,39.441,13.812971
El Salvador,82.69,173400000,84.519249,34.8,13.58371132,7.172784777,26.87772111,11784927700,1.127906977,3.27263167,6.960000038,41.088,68.875,4.88468573
Serbia,70,154499589.9,100,30.9,7.405948568,17.07003378,35.29304497,6875845987,6.13181309,80.99265639,12.60000038,47.231,71.58292683,2.920000076
Sub-Saharan Africa (excluding high income),5.615945126,6850869031,26.01955275,72.45116279,3.673034957,15.49454407,28.70859425,4.22E+11,3.413133056,9.182191416,6.66825502,68.64867782,50.44749089,7.082923348
Sub-Saharan Africa,5.615735246,6875196028,26.02848894,71.90454545,3.679677674,15.47600884,28.71073791,4.23E+11,3.410968214,8.844396247,6.66825502,68.64635097,50.45021391,7.092753605
Small states,0.147788704,6285066786,66.68720838,49.76666667,99.62763652,4.690905775,17.56567262,1.29E+11,18.21377996,2.891975101,12.96812054,51.10438795,63.1110298,8.145335445
Sao Tome and Principe,77.02,3800000,52.9,51,0,17.92231134,6.849546247,13742057.05,-0.970599814,12.82618908,14.39999962,46.576,61.365,5.85261182
Suriname,64.07,-97200000,95.4648056,27.9,11.33945412,9.539245695,24.8905012,947671969.7,2.099998868,60.74282138,12.73799992,33.556,67.822,7.732394366
Slovak Republic,102.36,2183119136,100,50,136.8839573,1.710305594,29.41685446,29169953013,1.166529073,9.489530011,19.05999947,43.767,73.05121951,2.336252618
Slovenia,104.42,135800000,100,39.2,333.8893274,3.085563229,30.46787158,20289627637,3.67237155,5.565267655,6.920000076,49.246,75.41219512,4.797474271
Sweden,100.34,22817836821,100,54.1,1201.199472,1.942859895,26.37305551,2.63E+11,4.766348871,1.505770482,5.46999979,15.974,79.64390244,9.316174905
Eswatini,76.26,90658006.19,100,36.6,4.695536705,12.31597575,39.39410809,1738100853,1.76017376,25.34294172,24.24399948,77.314,47.49,2.227617773
Seychelles,154.57,24326996.84,94.02639008,48.4,66.83747354,2.829248854,29.01830188,614879764.8,1.514338815,3.983727231,5.662000179,49.567,72.77804878,8.767797616
Syrian Arab Republic,112.77,270000000,100,43.5,0.280865464,24.73394994,33.31907325,80590022272,0.675642589,9.70098597,9.604000092,48.053,73.11,5.329073554
Chad,43.24,115172421.5,3.186103821,74,0.083667067,40.70509403,10.91266173,1388506727,-0.879681025,5.28980486,0.806999981,78.363,47.713,0
East Asia & Pacific (IDA & IBRD countries),0.130372809,48076240453,92.52949604,38.78333333,2.463212975,14.39762849,43.73619176,1.73E+12,7.63979191,4.488493398,3.412185521,63.7289359,70.19841517,5.963773079
Europe & Central Asia (IDA & IBRD countries),0.157799982,19359523101,99.88022642,54.37368421,39.48496027,8.172483994,29.76329572,8.94E+11,7.398942707,22.63187361,11.24987914,36.40297887,68.15707201,7.732394366
Togo,56.42,52818330.99,16.95623488,52.5,0.155722636,30.56164478,15.93204331,1491891108,-0.783479606,10.04945674,3.984999895,67.093,53.491,2.485028798
Thailand,79.61,3365987583,82.1,36.4,11.2061856,8.499848121,36.66940838,1.26E+11,4.455247043,1.331049959,2.390000105,68.614,70.623,4.491072731
Tajikistan,32.44,23543299.9,98.46774194,79.9,0.265696097,25.12453126,35.27732692,860521119.3,8.324324495,22.63187361,15.13099957,73.499,61.974,5.329073554
Turkmenistan,58.5,131000000,99.6,47.1,0.196571363,22.53877082,41.06069309,2904732773,5.469064133,23.46454819,11.53600025,54.087,63.613,1.21923333
Latin America & the Caribbean (IDA & IBRD countries),0.123282906,79627171983,91.50401708,48.55,20.71974074,5.007353061,29.26949779,2.18E+12,3.545683526,5.400736531,9.078529128,24.64761287,71.53435678,5.793930585
Middle East & North Africa (IDA & IBRD countries),0.125475892,5058760397,89.35281723,59.90909091,1.881506542,11.718376,35.9421687,5.28E+11,6.239830566,9.70098597,13.20069714,44.7278735,69.3370643,5.006499848
Tonga,69.72,9212396.872,85.57647705,27.5,9.617141593,19.636923,18.10590019,204849612.6,0.875990063,5.568159134,4.079999924,76.988,69.667,0
South Asia (IDA & IBRD),0.132040398,4367540968,57.37150091,34.32,1.413845497,22.44211986,25.54086687,6.30E+11,4.107516227,4.472433713,4.933336882,72.61869731,62.82398281,5.025635013
Sub-Saharan Africa (IDA & IBRD countries),5.615735246,6875196028,26.02848894,71.90454545,3.679677674,15.47600884,28.71073791,4.23E+11,3.410968214,8.844396247,6.66825502,68.64635097,50.45021391,7.092753605
Trinidad and Tobago,115,679500036,91.29,39.2,44.4228939,1.357193887,47.53604681,8154338233,6.901359591,12.04315306,12.10000038,44.095,69.413,5.143475635
Tunisia,67.05,750720443.6,94.8,61.2,6.205780873,10.00631935,26.80662105,21473261837,4.709972903,3.283579422,14.93999958,36.568,73.172,3.346552992
Turkey,72.59,982000000,100,46.1,86.34397515,10.03285265,26.79741217,2.74E+11,6.933239705,49.36077624,6.5,35.259,70.005,1.21923333
Tanzania,38.95,463400858.8,9.056112289,43.8,0.496092908,26.20825887,19.20492173,13375976354,4.520784635,8.201104251,3.062999964,77.691,50.801,17.99996664
Uganda,101.22,160700000,7.318620205,36.7,0.277536527,27.50910688,21.4381816,6193246837,3.141907338,11.11730588,3.026000023,85.214,46.229,7.732394366
Ukraine,61.81,595000000,100,57.3,12.36082059,13.95178507,31.65027707,32375280321,5.9,27.50141203,11.71000004,32.855,67.67560976,3.315210968
Upper middle income,0.134589671,1.29E+11,95.37198456,44.39318182,11.61646542,8.32294875,34.3913907,4.31E+12,6.363904251,7.779617759,5.538164086,50.56164989,70.59656707,6.033833185
Uruguay,65.86,262825000,97.55148315,71.3,35.72201485,5.9941938,22.04520372,22823255802,-1.929930638,3.539308495,12.63000011,7.972,74.731,9.087236747
United States,83.17,3.49E+11,100,47.1,2481.715612,1.150456365,22.45438622,1.03E+13,4.127484017,2.235474406,3.99000001,20.943,76.63658537,5.885102478
Uzbekistan,35.42,74700000,99.57293701,96.7,0.070022127,30.05590367,20.22975796,13760513969,3.834999999,47.29261521,12.22700024,53.874,67.156,1.21923333
St. Vincent and the Grenadines,77.32,37744444.44,79.84091187,45,18.47404397,7.429596882,17.10050378,396262963,1.639033243,-0.216447546,20.95499992,54.814,70.809,0
Vietnam,56.4,1298000000,87.80696106,39.9,2.296298566,24.534582,36.73077533,31172518403,6.787316408,3.408827662,2.25999999,75.626,73.025,7.732394366
Vanuatu,74.06,20256089.64,22.15377617,8.4,42.33413486,22.96413023,11.22299084,272014693.1,5.924809057,2.178970581,1.687000036,78.327,67.363,7.397230453
World,0.538033567,1.57E+12,78.73603409,53.10368098,187.2830326,3.38379829,27.70401615,3.38E+13,4.50127812,4.680307819,5.769080838,53.31069395,67.54902,6.722018937
Samoa,80.86,-1206806.284,87.83878326,19.3,26.88981629,16.16182506,24.70746364,269019710.3,6.918794454,2.891975101,4.664000034,78.023,68.748,5.329073554
"Yemen, Rep.",58.76,6399510,49.18035126,196.7,0.215937444,13.74489147,46.34885748,9652436180,6.181915593,23.55203431,11.55799961,73.733,60.683,7.397230453
South Africa,71.57,968831356,72.24764252,37.1,52.07258759,2.614747993,28.22975551,1.52E+11,4.200000001,9.182191416,29.87999916,43.109,56.048,8.114899655
Zambia,46.81,121700000,16.7,15.4,0.367485311,16.14977346,23.24389415,3600683040,3.897322943,32.61387051,12.93000031,65.198,44,7.772514651
