Country_Name,Food_production_index,Foreign_direct_investmen,Acces_to_electricity ,Total_tax_and_contribution_rate ,Secure_Internet_servers,Agriculture_forestry_and_fishing_value_added ,Industry_value added_percentof_gdp,GDP ,GDP_growth ,Inflation_GDP_deflator_annual,Unemployment_total_percent_of_total_labor_force,Rural_population_percent_of_total_population,Life_expectancy_at_birth_total_years,International_tourism_expenditures_percent_of_total_imports,category
Angola,99.02,-6456076413,45.29,49.1,11.19774051,8.607741762,47.93154163,1.01E+11,-2.003629727,29.06595449,7.421000004,34.486,60.782,2.943521971,developing country
Albania,106.13,1204383364,100,37.3,526.0998557,18.42947925,21.27930613,15156432310,4.019359686,1.473058102,12.30000019,39.681,78.458,25.53146747,developing country
United Arab Emirates,110.44,10385286000,100,15.9,1483.963291,0.718738961,47.0329279,4.22E+11,1.189855642,8.206537292,2.351999998,13.478,77.814,6.306664389,developing country
Argentina,97.2,11716769819,100,106,1872.59091,4.537878897,23.71959233,5.25E+11,-2.617396463,42.03366896,9.220000267,8.13,76.52,15.06997195,developing country
Armenia,82.88,266824955.5,99.9,18.5,335.0564972,13.94231166,24.75655785,12457941907,5.2,2.787709514,18.96999931,36.851,74.945,20.10078239,developing country
Antigua and Barbuda,100.56,204844928.2,99.99972534,42.8,841.2787437,1.735911717,21.1069983,1605944444,6.883640817,2.352816325,2.625999928,75.401,76.885,9.797813288,developing country
Australia,96.97,61324623203,100,47.4,32903.58507,2.457803973,24.13993682,1.43E+12,2.87097248,1.830155298,5.300000191,13.988,82.74878049,13.66075663,developed country
Austria,101.86,-28605757320,100,51.5,16705.01094,1.130155508,25.36612216,4.55E+11,2.501595119,1.801930508,4.849999905,41.703,81.69268293,5.904991615,developed country
Azerbaijan,113.36,1402998000,100,41.2,329.383846,5.212505619,52.25053688,47112941176,1.5,12.18487696,4.900000095,44.32,72.864,13.85468754,developing country
Burundi,120.64,983747.125,10.59861469,41.2,5.995322396,29.01190049,11.10721706,2668495743,1.609933082,-2.850857066,1.587000012,86.968,61.247,15.20177688,2 pending recognition developed country
Belgium,97.72,-41601387267,100,57.7,13973.2428,0.603070152,18.93257257,5.43E+11,1.819203664,1.518919988,5.949999809,1.999,81.59512195,4.596352546,2 pending recognition developed country
Benin,108.98,194073683.2,39.23860168,48.9,7.313865391,28.06477391,14.64195675,14262407012,6.697259461,0.670442105,1.470000029,52.688,61.47,1.627874073,developing country
Burkina Faso,103.58,268414907.9,14.4,41.3,2.531457665,20.99747328,25.58944338,15890065020,6.604569068,1.07396689,4.690000057,70.642,61.174,3.69658719,developing country
Bangladesh,109.07,2421626238,91.8,33.4,115.9522936,13.07431266,28.53698765,2.74E+11,7.86375358,5.597386853,4.413000107,63.368,72.32,1.840353977,developing country
Bulgaria,103.74,1809860000,100,27.7,38223.85562,3.384615452,22.40471991,66363422450,2.684576131,4.232654424,5.210000038,24.992,74.96341463,5.361579736,developed country
Bahrain,114.22,111170212.8,100,13.8,370.8329086,0.288039062,42.85970584,37801462766,2.136701347,4.332436919,1.200999975,10.713,77.163,9.276503331,developing country
"Bahamas, The",101.14,491404689.2,100,31.5,2357.151192,0.674570409,12.41178395,12837800000,2.76704081,1.071526481,10,16.975,73.752,10.14404269,developing country
Bosnia and Herzegovina,115.14,601783317.1,100,23.7,1934.758534,5.88543924,24.52345802,20177409351,3.740071092,2.747569582,18.39999962,51.755,77.262,3.271040803,developing country
Belarus,98.66,1426500000,100,53.3,3436.883031,6.590107726,31.26560971,60031262269,3.149197594,12.13922998,4.760000229,21.405,74.17560976,2.830277682,developing country
Belize,100.02,122041647,91.72,31.1,11595.76162,9.557798965,11.98524587,1915899787,2.906069731,0.175679575,6.644000053,54.276,74.496,4.32865446,developing country
Bolivia,109.64,302368781.4,92.8,83.7,130.1842486,11.48192416,26.24658947,40287647930,4.223623511,3.056265908,3.519999981,30.575,71.239,8.142733047,developing country
Brazil,107.66,78162724370,99.7,65.1,2036.384135,4.420399304,18.74905145,1.92E+12,1.783666761,4.493534332,12.32999992,13.431,75.672,8.309271619,developing country
Barbados,107.81,241596499.9,100,35.3,868.6854591,23.0027856,36.74276972,5086500000,-0.580333154,2.776033594,8.319999695,68.853,79.081,6.306664389,2 pending recognition developed country
Brunei Darussalam,100.01,516202620.6,100,8,1988.530399,1.017623081,63.24364516,13567351175,0.052237791,9.217653488,8.699999809,22.371,75.722,10.29621983,developing country
Bhutan,102.37,2649454.311,99.96877289,35.3,177.6255441,15.99124824,38.20346089,2446866405,3.055129837,1.759330695,2.444000006,59.105,71.46,6.327688361,developing country
Botswana,97.19,285955061.9,68.35865784,25.1,133.5364033,2.055350722,35.04239668,16914245098,3.98039539,-0.331891492,22.07099915,30.554,69.275,3.780021698,developing country
Canada,106.26,42603762049,100,20.5,30947.02526,1.699891576,24.62230596,1.73E+12,2.777040554,1.61741439,5.829999924,18.589,82.04878049,15.20177688,developing country
Switzerland,99.57,-1.60E+11,100,28.8,68154.75418,0.635024356,24.67038266,7.36E+11,2.916905098,0.748408212,4.710000038,26.203,83.75365854,5.272124879,developed country
Chile,101.63,7759647365,100,34,8073.29061,3.545663582,29.38910087,2.98E+11,3.713859177,2.360583375,7.230000019,12.436,80.042,3.670676311,developing country
China,103.09,2.35E+11,100,64,443.5127891,7.043020253,39.68701182,1.39E+13,6.749773832,3.499747636,4.28000021,40.848,76.704,3.519927912,developing country
Cote d'Ivoire,109.13,620330654.4,67.17237091,50.1,11.64774692,20.54857036,21.0205173,58011466451,6.89028432,0.634843913,3.292999983,49.221,57.422,4.740925789,developing country
Cameroon,103.49,765092012.8,62.2,57.7,5.433002141,16.4988007,24.68223121,39973839065,3.95551424,1.896991621,3.617000103,43.626,58.921,10.8637484,developing country
"Congo, Dem. Rep.",92.24,1407563588,18.75225258,54.6,2.81914332,19.05648456,43.6426229,47146004587,5.8211211,29.83589587,4.451000214,55.54,60.368,0.646996732,1 pending recognition developed country
"Congo, Rep.",103.1,4315250918,47.22546768,54.3,6.101789674,6.909114704,52.10485927,13670036996,-4.805351557,23.81107853,20.61400032,33.084,64.29,6.306664389,developing country
Colombia,105.1,11298692774,98.5,71.9,651.174232,6.22570969,26.89546675,3.34E+11,2.564324283,4.630579673,9.109999657,19.222,77.109,8.60451441,developing country
Comoros,102.98,5672348.129,81.6246109,219.6,7.208748537,33.72015306,8.876795865,1188797575,3.642525019,1.835595347,8.079000473,71.035,64.118,13.49646428,developing country
Cabo Verde,82.88,112695606.4,93.42980957,37,498.3779728,5.291984295,19.27924548,1966503223,4.531161684,1.52382748,12.17000008,34.268,72.782,8.37575176,developing country
Costa Rica,108.84,3014543618,99.7,58.3,1205.934341,4.483828337,19.55814326,62420165100,2.615904404,2.192478428,9.630000114,20.66,80.095,5.826260624,developing country
Caribbean small states,101.31,2835137647,97.73551587,36.77692308,1023.110836,4.254347917,26.05842733,75312833438,1.872186884,1.071526481,8.709369595,48.8006501,73.63710628,5.700137353,2 pending recognition developed country
Cuba,101.61,126924996.8,99.52880096,,16.05200709,3.783108446,24.87756122,1.00E+11,2.248480393,1.031341929,1.700000048,22.963,78.726,6.306664389,developing country
Cyprus,103.78,-1110259659,100,22.2,6372.01895,1.733539855,12.18250115,25522671233,5.692841724,1.003866522,8.369999886,33.19,80.828,8.354910222,2 pending recognition developed country
Czech Republic,95.53,8324668391,100,46.1,42344.59537,1.936644875,31.75703117,2.49E+11,3.198656101,2.568094546,2.24000001,26.208,79.02926829,3.43600441,developing country
Germany,93.17,1.59E+11,100,49,56406.62071,0.689013201,27.30707333,3.98E+12,1.086024514,1.974717161,3.380000114,22.688,80.89268293,6.328146551,1 pending recognition developed country
Dominica,102.12,78283172.03,100,32.6,6631.670064,11.10662685,15.81375952,550622222.2,2.214305241,3.627455662,6.573999882,29.517,79.5195122,6.663856496,developed country
Denmark,94.4,8764023726,100,23.8,123154.4405,1.026569351,20.82449329,3.57E+11,1.989537315,0.747856838,5.130000114,12.126,80.95365854,5.826973316,developed country
Dominican Republic,108.92,2744500000,98.9,48.8,121.6695318,5.147782819,28.81128478,85555378043,6.982527585,4.121489687,5.860000134,18.926,73.892,4.171781176,developing country
Algeria,89.97,1466116068,99.641922,66.1,67.60850484,11.87420085,27.75214328,1.75E+11,1.1,6.862936667,10.42000008,27.371,76.693,0.901999675,developing country
Ecuador,94.5,1388456763,98.7,32.3,265.6230766,8.949269523,32.54262509,1.08E+11,1.289291933,1.818873571,3.529999971,36.179,76.8,5.792091558,developing country
"Egypt, Arab Rep.",96.69,8141300000,100,46.9,35.11352897,11.22500023,34.96339119,2.50E+11,5.314121037,21.42622592,9.819999695,57.296,71.825,3.795456719,developing country
Spain,115.63,58626179995,100,47,11302.76466,2.757594167,19.8788457,1.42E+12,2.288785676,1.245255115,15.25,19.679,83.43170732,15.20177688,developing country
Estonia,88.34,1232538894,100,48.5,48893.43763,2.221009358,24.04094001,30474612057,4.133819798,4.024454151,5.369999886,31.12,78.24390244,7.524011957,developing country
Ethiopia,100.37,3360419369,45.05340195,37.7,1.464874015,31.11192916,27.30570214,84269348327,6.816147797,12.38229481,2.318000078,79.237,66.24,3.074432351,developing country
Finland,92.81,-10571698825,100,37.3,33999.12066,2.386622578,23.99557969,2.76E+11,1.141947509,2.002209227,7.360000134,14.618,81.73414634,6.599761278,developing country
Fiji,103.76,468861002.9,99.33879089,32.2,173.1768328,10.90656484,15.53738348,5581371848,3.81235097,1.425718207,4.333000183,43.752,67.341,5.172933036,developing country
France,98.7,77493098693,100,60.4,20380.05464,1.648876616,17.18837933,2.79E+12,1.865066071,0.992224566,9.020000458,19.556,82.72439024,6.238237932,developing country
"Micronesia, Fed. Sts.",97.81,126924996.8,80.40616608,60.5,186.4346591,22.51219919,4.866441438,401932300,0.2116536,9.386340012,11.15200043,77.297,67.755,4.68948117,developed country
Gabon,103.01,1379070816,89.84184265,47.1,26.42413089,5.435952803,47.12708562,16867325127,0.837916581,7.176657494,20.74900055,10.63,66.187,17.35789392,developing country
United Kingdom,99.4,-25055440307,100,30,27261.82097,0.576624141,17.90602379,2.90E+12,1.650925496,1.999034892,4,16.602,81.25609756,2.829371746,developed country
Georgia,104.14,1270488181,99.9,9.9,2182.179813,6.762198595,19.91775674,17599700091,4.842919885,4.361109044,12.67000008,41.368,73.6,8.914812777,developing country
Ghana,111.87,2989035000,80.4,32.4,21.80258828,18.13655055,31.1777427,67299280680,6.200077681,10.56847993,4.276000023,43.94,63.78,5.723376598,developing country
Guinea,113.73,352760000,44,61.4,3.302645048,22.32593095,30.87817001,11857030337,6.358491927,7.05908442,4.982999802,63.86,61.185,9.840642599,developing country
"Gambia, The",106.36,81805006.6,60.3,56.6,24.56041247,19.87159618,17.3104258,1670670669,7.234890333,6.951764038,9.475999832,38.73,61.735,1.503496132,developed country
Guinea-Bissau,103.63,20563818.22,28.51482964,45.5,2.134125521,30.72370337,12.66526413,1504630121,1.283736703,5.249994642,5.981999874,56.64,58.003,16.24803717,developing country
Greece,83.84,4025447789,100,51.9,5035.367015,3.635408491,13.62843825,2.12E+11,1.668428636,-0.165244042,19.29000092,20.942,81.78780488,4.55695193,developed country
Grenada,146.52,184005689,94.82138824,47.8,323.0177032,5.205454409,13.43321924,1166523556,4.299405392,-0.643855628,8.623999596,63.728,72.384,6.133004223,developing country
Greenland,96.35,,100,,3070.16761,18.39783322,18.05198187,3040414278,1.845848009,0.117577136,5.559000015,13.184,81.65170732,15.20177688,developing country
Guatemala,102.37,922397870,94.41300964,35.2,78.66910953,9.455204935,21.42719797,73208583759,3.322097997,1.189612962,2.279999971,48.946,74.063,5.219611611,developing country
Guyana,128.68,1180405596,91.23745728,30.6,47.49636396,19.53579387,26.25976398,4787636237,4.441013589,-2.887581564,14.02000046,73.394,69.774,15.20177688,developing country
"Hong Kong SAR, China",87.16,97036255479,100,22.9,19403.56999,0.062149067,6.479586924,3.62E+11,2.846447939,3.657551022,2.819999933,0,84.93414634,3.885073954,developing country
Honduras,105.55,1442587576,91.6,40.8,74.78469674,11.61016046,26.5924588,23900438564,3.84499477,1.947216915,5.650000095,42.904,75.088,4.624417265,developing country
Croatia,104.66,1319393496,100,20.5,19554.81167,2.95709187,19.87739083,62247874949,2.900009599,2.010366801,8.430000305,43.053,78.07073171,5.556149756,developing country
Haiti,100.6,105000000,44.41743088,42.7,5.304237106,18.64785769,24.06347511,16455034353,1.667810955,7.278760516,13.85999966,44.722,63.66,10.56252868,developing country
Hungary,101.61,-64364899191,100,40.3,19243.90245,3.485911692,25.08088046,1.61E+11,5.359496489,4.846481988,3.710000038,28.649,76.06585366,2.537227797,developing country
Indonesia,108.9,18909826044,98.51,30.1,1282.965202,12.80849756,39.72973745,1.04E+12,5.17429154,3.818323569,4.400000095,44.675,71.509,6.023914375,developing country
India,111.77,42117450737,95.19329834,52.1,187.8042726,15.97015748,26.38289869,2.70E+12,6.532989011,3.737251671,5.329999924,65.97,69.416,4.011135266,developing country
Ireland,110.06,67361732390,100,26,69593.59121,0.888696523,37.03428633,3.85E+11,9.0301611,0.711919255,5.739999771,36.83,82.25609756,2.088241159,developing country
"Iran, Islamic Rep.",105.76,2373000000,100,44.7,494.5953436,9.93633543,35.91057895,2.94E+11,-6.025971803,32.89860856,12.18999958,25.102,76.479,7.48977675,developing country
Iraq,86.39,-4885100000,99.9,30.8,11.31822038,2.815817643,54.16994275,2.27E+11,2.633850991,18.2039921,12.9659996,29.527,70.454,13.81074618,developing country
Iceland,107.87,-622718386.3,100,30.6,64762.23417,3.922777196,19.56643518,26267063758,4.892180731,2.652950624,2.700000048,6.187,82.86097561,7.48977675,developing country
Israel,97.16,21514500000,100,26.2,9611.946683,1.191049725,18.85576854,3.74E+11,3.983424594,0.887278237,4,7.582,82.80243902,9.180441931,developed country
Italy,100.53,44249715319,100,53.1,12257.96799,1.945420074,21.45015172,2.09E+12,0.925810941,1.068132047,10.60999966,29.562,83.34634146,6.217643187,developed country
Jamaica,105.43,774620603.1,98.50248718,35.1,153.6703883,6.592227603,20.34859028,15730793853,1.889923681,4.99324115,9.100000381,44.326,74.368,6.400361466,developed country
Jordan,94.77,954929577.5,99.9,28.6,102.8566864,4.840442165,24.53073867,42932112676,1.934091701,1.711128061,18.27000046,9.021,74.405,6.51516269,developing country
Japan,99.15,25289367858,100,46.7,11670.80142,1.04669343,29.0635064,5.04E+12,0.558851275,0.004628939,2.400000095,8.384,84.21097561,3.026315995,developed country
Kazakhstan,114.2,83409074.56,100,29.4,1374.172624,4.395858103,33.4962004,1.79E+11,4.1,9.205605991,4.849999905,42.572,73.15,6.169362954,developing country
Kenya,109.51,1625921131,61.43641663,37.2,217.2298447,20.31491042,17.31314613,92202956321,5.62910144,4.233621101,4.249000072,72.97,66.342,7.48977675,developing country
Kyrgyz Republic,108.05,144222600,100,29,170.0196116,11.67528648,27.47851368,8271108638,3.757910125,3.447445127,6.886000156,63.649,71.4,7.694624604,developing country
Cambodia,106.15,3212633447,91.83401489,21.7,81.10871553,22.0129559,32.28939312,24571753583,7.469169207,3.111821368,0.143000007,76.612,69.57,4.939914556,developing country
Kiribati,104.07,-1144364.717,99.22225952,32.7,43.16223822,29.16078857,12.58049649,200157020.6,3.775954286,5.641280799,26.18899918,45.943,68.116,7.48977675,developed country
St. Kitts and Nevis,103.1,40051767.21,100,49.7,4462.412754,1.086555632,24.54575206,1078518519,2.699999466,-0.997100114,5.947000027,69.224,64.486,9.632449049,2 pending recognition developed country
"Korea, Rep.",100.71,12182600000,100,33.1,2065.122133,1.746403394,34.04580231,1.72E+12,2.907403774,0.482948983,3.819999933,18.541,82.62682927,5.856506804,developing country
Kuwait,126.01,-21377568.82,100,13,412.1031181,0.447338718,60.32072893,1.38E+11,1.246129408,12.58351724,2.164999962,0,75.398,20.99266262,developing country
Lao PDR,92.7,1358019506,98.07460022,24.1,20.39227371,15.70918682,31.53319249,18141651381,6.247960008,1.919889194,0.827000022,64.996,67.61,13.28658456,developing country
Lebanon,97.85,2658003845,100,31.1,174.2132849,3.217711507,14.24266069,55276157552,-1.702174807,5.454397231,10.79599953,11.407,78.875,19.50789531,developing country
Liberia,99.95,129129754.8,24.81807899,45.5,2.28264262,35.49669991,16.92386495,3422754800,1.157575122,-0.209872797,3.029999971,48.849,63.73,7.48977675,developing country
Libya,101.59,0,67,32.6,1099.787155,22.04289675,13.38724696,52607888718,15.13279989,18.12364521,19.45499992,19.898,72.724,10.83358092,developing country
St. Lucia,81.03,45522200.84,98.91943359,34.7,252.9001045,1.791446262,10.13585195,2065127259,2.926420885,0.482768211,19.07999992,81.322,76.057,8.636989536,developing country
Sri Lanka,116.25,1614044009,99.58686066,55.2,412.4134749,8.023787716,26.25703471,87963042341,3.272000479,3.826651153,4.320000172,81.524,76.812,9.265818284,developing country
Lesotho,95.7,40874071.93,47,13.6,39.36770719,4.32156306,31.65282691,2514146888,-1.223137311,9.622803752,22.81299973,71.847,53.705,14.31144755,developing country
Lithuania,88.17,1299841764,100,42.6,18267.07639,2.879630172,25.61934411,53724663843,3.993310328,3.526212136,6.150000095,32.321,75.6804878,18.08020773,developed country
Luxembourg,111.14,-16756576740,100,20.5,43151.57497,0.233119379,10.9856936,71250208996,2.00437712,1.731701858,5.590000153,9.019,82.29512195,2.530952651,developing country
Latvia,90.48,427807358.1,100,36,14504.13922,3.593805161,18.65960365,34412210812,3.989480387,3.893608357,7.409999847,31.858,74.78292683,15.20177688,developing country
"Macao SAR, China",103.52,1534095991,100,,2650.273181,23.0027856,4.08350755,55284360483,6.464613521,3.543470792,1.830000043,0,84.118,10.60684069,developing country
Morocco,112.89,3544387229,98.1,49.8,295.7332615,12.21673615,25.87375492,1.18E+11,3.148502656,1.089633971,9.265000343,37.547,76.453,5.393166682,developing country
Monaco,101.31,119435105.7,100,,10650.94876,0.408843634,13.12890888,7194024563,5.95627042,0.991522346,12.24800014,0,66.867,3.519927912,developing country
Moldova,121.29,293410000,99.99,40.3,3917.711082,10.27091924,22.65158681,11456728401,4.301477742,3.180023176,4.110000134,57.371,71.808,6.853922781,developing country
Madagascar,101.62,612036371.4,25.51556015,38.3,5.445064949,23.9733833,21.48195747,13760033097,3.194356515,8.297993313,1.843000054,62.809,66.681,6.409428092,1 pending recognition developed country
Maldives,102.77,575658028.2,100,30.2,523.5561485,5.235853287,12.80742445,5300962660,8.123128908,3.149739981,5.618999958,60.192,78.627,10.09302197,developing country
Mexico,110.58,37701279465,99.5,55.7,225.7454907,3.383800383,31.14884669,1.22E+12,2.194994725,4.946411123,3.279999971,19.844,74.992,2.785041162,developing country
Marshall Islands,101.43,9752051.362,95.82923126,65.7,136.9581593,16.52844524,12.21157738,221588900,3.574750982,0.345650272,5.021999836,22.969,76.152,17.97139205,developing country
North Macedonia,101.66,648732425,99.8,13,466.2325759,8.47039847,24.05042988,12683070061,2.88059671,3.926155289,20.73999977,42.037,75.688,3.056538997,developing country
Mali,125.32,467067198.1,50.9,48.3,10.53583087,37.61244316,20.22894748,17070866299,4.746484327,1.457963911,7.427999973,57.644,58.893,4.195404247,developing country
Malta,94.37,4464845211,100,44,14415.12081,0.74804381,12.38749267,14864712990,5.179224796,2.25673045,3.660000086,5.388,82.44878049,15.20177688,developing country
Montenegro,95.05,485653127.8,100,22.2,416.2468038,6.732237789,15.93412579,5504166667,5.077888811,3.226106405,15.17000008,33.187,76.77,1.991407262,developing country
Mongolia,152.22,1951528196,98.1,24.7,1689.791289,11.42800452,37.97567033,13178094459,7.74488062,7.960615867,5.380000114,31.555,69.689,9.695972287,developing country
Mozambique,102.81,1678061192,31.1,36.1,11.83210922,24.56767288,25.34467979,14845870051,3.44381384,3.00116964,3.45600009,64.012,60.163,1.290157578,developing country
Mauritania,102.96,772890477.2,44.29382706,67,5.450442758,23.33066332,22.91666518,7354430040,4.526746225,3.102955543,10.38500023,46.328,64.704,1.157148164,developing country
Mauritius,89.23,460511368.2,99.42006683,22.1,7844.761294,2.78458866,17.45557458,14181951059,3.759677227,1.447272084,6.429999828,59.207,74.41634146,8.808760432,developing country
Malawi,117.66,77012306,18.02,34.5,15.37764944,21.62943584,18.37113077,9880675786,4.391688296,6.129094001,5.757999897,83.063,63.798,5.813792856,developing country
Malaysia,107.42,8304480742,100,39.2,5713.137892,7.512087639,38.29142952,3.59E+11,4.84305661,0.624729188,3.299999952,23.964,75.997,5.953617841,developing country
Namibia,101.92,234372724.5,53.96953964,20.7,149.4914839,7.768297709,26.86990511,13682062249,1.059943471,4.428484637,19.87999916,49.968,63.373,1.088654391,developed country
Niger,119.29,466042273,17.6,47.2,0.490134244,37.66166253,19.74173756,12808660528,7.210803008,2.175787868,0.545000017,83.575,62.024,4.185802425,developed country
Nigeria,101.9,775247400,56.5,34.8,184.2096134,21.20377372,25.73330658,3.97E+11,1.922757342,10.22848509,8.456000328,49.656,54.332,18.45126566,developing country
Nicaragua,107.98,837600000,87.19432068,60.6,69.29083001,15.32219605,24.99565355,13025239912,-3.363687646,2.658974525,5.199999809,41.478,74.275,5.167155252,developing country
Netherlands,86.9,-3.45E+11,100,40.8,100581.5238,1.650673719,17.80572542,9.14E+11,2.360915095,2.437090745,3.829999924,8.51,81.81219512,3.44848319,developing country
Norway,96.35,-5664319362,100,37,20886.24895,1.862995582,31.79276288,4.37E+11,1.118828479,6.651608266,3.799999952,17.752,82.75853659,13.04832495,developing country
Nepal,106.57,68261793.94,93.92,37,182.44777,22.33467205,13.20063963,33111525183,7.622376105,4.355858468,3.193000078,80.26,70.478,6.250742092,developing country
New Zealand,100.02,2516488850,100,34.6,17618.04677,5.652368113,20.41986039,2.12E+11,3.20574788,2.035857045,4.329999924,13.462,81.85853659,7.885659454,developed country
Oman,130.65,5941222367,100,27.4,156.7457836,1.849420191,53.89353115,91505851756,1.287103915,11.73229461,1.799999952,15.461,77.633,9.074202769,2 pending recognition developed country
Other small states,98.86,7067493835,77.48413348,39.24615385,4682.763452,2.076484841,42.52526019,4.42E+11,2.209113589,2.732764144,9.923449443,37.88180965,68.54681339,11.40999755,developing country
Pakistan,108.14,1737000000,72.63497925,34.1,109.1324828,22.85564472,17.91220506,3.15E+11,5.836417498,2.459286095,4.079999924,63.334,67.114,4.324576998,developing country
Panama,103.64,5267261732,94.94482422,37.2,2141.556784,2.248462435,27.752842,64929409212,3.685344349,0.673383441,3.832999945,32.291,78.329,4.826739623,developing country
Peru,111.05,6193947139,95.2,36.8,257.3363283,6.863983464,31.66063807,2.23E+11,3.96915687,2.267261262,3.49000001,22.093,76.516,6.529788862,developing country
Philippines,104.48,9948598824,94.43275452,42.9,92.85391994,9.650140358,30.56374015,3.47E+11,6.341485571,3.74065383,2.339999914,53.093,71.095,9.614746316,developing country
Palau,98.86,21500000,100,75.8,837.4741779,3.512469266,8.991921321,284700000,-0.107219442,-0.103196146,12.42599964,20.07,65.941,15.20177688,developing country
Papua New Guinea,103.71,1134643538,58.88763428,39.3,49.84706595,16.97383549,36.92404502,24109509853,-0.279252285,9.797605661,2.563999891,86.831,64.263,2.766404534,developing country
Poland,106.15,17624000000,100,40.7,16227.07194,2.338426296,28.5367101,5.87E+11,5.353703355,1.201610335,3.849999905,39.942,77.60243902,3.381796949,developing country
Puerto Rico,103.44,119435105.7,100,64.4,384.8618099,0.708149616,50.77879614,1.01E+11,-4.147474747,1.784931078,9.199999809,6.422,79.77819512,15.20177688,1 pending recognition developed country
Portugal,101.95,7846086578,100,39.8,15977.32827,2.036529883,19.29930797,2.42E+11,2.849325934,1.812996752,6.989999771,34.789,81.32439024,6.204084499,developed country
Paraguay,109.21,329365809.6,99.6,35,248.4161672,10.25270136,33.25367724,40225448341,3.204250341,1.960248198,6.21999979,38.415,74.131,3.955773025,developing country
Qatar,112.64,-2186263736,100,11.3,396.5226794,0.218257646,60.38152349,1.83E+11,1.234872202,12.41440353,0.109999999,0.865,80.1,17.86023911,developing country
Romania,125.52,7343560129,100,40,15938.09583,4.331834131,28.1915063,2.41E+11,4.474523775,6.186225461,4.190000057,46.002,75.35853659,5.591096785,developing country
Russian Federation,104.5,8784850000,100,46.3,5190.622322,3.394254979,32.55431338,1.66E+12,2.80724541,9.997924911,4.849999905,25.567,72.66219512,11.29007838,developing country
Rwanda,89.59,366192315.5,34.74223709,33.2,36.49822236,24.61496878,17.34432226,9640280084,8.579424541,-0.62603277,1.110999942,82.789,68.7,11.67183303,developing country
Saudi Arabia,113.29,4247107441,100,15.7,161.5594831,2.224446294,49.54066522,7.87E+11,2.434110781,11.50846501,6.039999962,16.156,74.998,8.559116322,2 pending recognition developed country
Sudan,117.34,1135787164,52.29756546,45.4,4.617055662,21.99347316,20.7757619,30964349685,-2.68093055,55.97532544,17.57999992,65.358,65.095,0.157818442,developing country
Senegal,104.18,847841574.8,66,45.1,17.15620294,14.98751956,24.01344539,23116699808,6.209241034,-0.839644465,3.275000095,52.808,67.665,3.616033041,developing country
Singapore,112.84,83110792594,100,20.6,84713.85836,0.03020958,25.49854188,3.76E+11,3.497469601,3.347638991,3.642999887,0,83.29756098,4.546434999,developing country
Sierra Leone,74.19,250446053.5,26.1,30.7,52.86248045,58.93440965,5.270389825,4085114794,3.46460214,14.02199248,4.659999847,57.945,54.309,3.827412485,developing country
El Salvador,93.55,412743968.4,97,35.6,90.64375757,5.13276853,25.07550676,26020850000,2.432287587,1.696558433,4.010000229,27.977,73.096,3.976212168,1 pending recognition developed country
Serbia,105.97,4071895068,100,36.6,6899.718214,6.342783371,25.49751601,50640650221,4.495121293,1.974942562,12.72999954,43.908,75.8902439,6.168525555,developed country
Small states,101.83,10501099770,81.62508776,38.59791667,3745.828623,2.66231776,39.60137528,5.28E+11,2.171712198,2.714492109,9.335476341,41.27738559,69.5410318,10.49008525,developing country
Sao Tome and Principe,75.47,23698321.49,71,37,56.86341408,11.11538307,14.24727077,412253809.7,2.945268909,1.715798347,14.06099987,27.197,70.17,6.306664389,developing country
Suriname,98.35,130960766.3,97.4,27.9,291.6732496,10.03286165,36.75943934,3996247906,4.948270766,5.662827217,7.926000118,33.94,71.57,5.024648201,developing country
Slovak Republic,98.9,2250850832,100,49.7,12993.38636,2.149858483,29.23408409,1.06E+11,3.794410553,2.034356622,6.539999962,46.274,77.26585366,2.825394374,developed country
Slovenia,102.88,1538137615,100,31,33018.08096,2.245548597,28.29777721,54137142149,4.422521568,2.116788342,5.110000134,45.459,81.37804878,4.50911459,developing country
Sweden,85.17,-952353416.6,100,49.1,18608.45384,1.392786621,22.00243729,5.55E+11,1.950022846,2.396920335,6.360000134,12.569,82.55853659,15.20177688,developing country
Eswatini,101.69,31130826.66,74.10943604,35.7,53.68423461,8.521013558,33.24160889,4665420239,2.371610521,2.812577665,22.79199982,76.201,59.401,2.080399618,developing country
Seychelles,103.38,307664653.8,100,30.1,264256.6297,2.032330115,11.37864398,1547690759,1.771183467,1.430599048,14.84700012,43.309,72.84146341,5.436427505,developing country
Syrian Arab Republic,94.43,135921173.4,86,42.7,19.06160036,38.98162352,18.56272505,21490335086,1.475766476,13.60500893,8.755000114,45.838,71.779,15.20177688,developing country
Chad,113.76,460890507.6,10.12151718,63.5,0.45226279,45.09623634,14.36951885,11239167048,2.3740378,5.014657778,1.129999995,76.941,53.977,14.36282799,developing country
Togo,104.74,-180972714.8,50,48.2,7.732192349,20.44048838,21.00019188,7112200725,4.9762131,1.33588276,3.729000092,58.298,60.76,2.790990547,developing country
Thailand,106.45,13186328518,99.82,29.5,953.859638,8.183701765,34.75117305,5.07E+11,4.189585496,1.432248539,0.769999981,50.051,76.931,5.078622798,developed country
Tajikistan,111.29,220862232.3,99.3,67.3,27.36009077,19.77196478,34.3983608,7765014424,7.599999387,2.492227082,7.012000084,72.866,70.879,0.751223937,developed country
Turkmenistan,93.31,1997297379,100,,5.981983633,11.04156884,44.90639828,40765428571,6.199999941,1.21087594,4.234000206,48.407,68.073,6.306664389,developing country
Tonga,102.35,19911276.38,99.13130188,27.5,174.4202948,17.0682174,15.37912254,489235527.4,0.300009404,5.149662807,3.069999933,76.869,70.801,12.7842664,developing country
Trinidad and Tobago,107.67,-700185701.2,100,39.7,281.3271446,1.039343363,42.22843849,23679919655,0.066049775,5.577266361,3.336999893,46.816,73.38,1.629548694,developing country
Tunisia,101.43,988942901,99.8,60.2,316.2071604,9.915390953,23.75057995,42570270107,2.510907072,7.751826419,15.46000004,31.055,76.505,3.870014299,developing country
Turkey,105.58,12822000000,100,40.4,4334.06133,5.776012221,29.40462226,7.78E+11,2.979885235,16.47581834,10.89000034,24.857,77.437,2.445906291,2 pending recognition developed country
Tanzania,92.05,971576866,35.22945023,44,27.29366011,27.86859954,27.00776558,57003713611,5.444967601,2.975536618,2.20600009,66.224,65.015,7.866142936,developing country
Uganda,100.86,1055353353,42.7,33.7,20.22044403,23.25029354,26.23601165,32927025573,6.303923781,4.443385268,1.922999978,76.226,62.973,5.693092358,developing country
Ukraine,107.77,4975000000,100,41.7,6027.80865,10.13953311,23.29333298,1.31E+11,3.488362342,15.39853035,8.800000191,30.648,71.58268293,11.74544681,developing country
Uruguay,92.21,1825189013,99.8,41.8,1574.816846,5.831527578,18.2203776,64515038268,0.477907184,7.10189068,8.340000153,4.666,77.77,9.05274665,developed country
United States,105.95,2.14E+11,100,43.8,65833.81033,0.920560058,18.52782331,2.06E+13,2.996464352,2.400981114,3.900000095,17.744,78.63902439,5.667990238,developed country
Uzbekistan,105.03,624686535.5,100,32.1,278.9468414,26.76078031,27.76006959,52633143808,5.354996888,26.98286145,5.835000038,49.522,71.573,11.61087088,developing country
St. Vincent and the Grenadines,102.76,41585789.01,100,39.3,90.73586789,7.258583618,14.97368193,811300000,2.159730034,0.248777212,19.18000031,47.802,72.415,8.840825135,2 pending recognition developed country
Vietnam,108.49,15500000000,100,37.8,1769.368394,14.68197863,34.23237727,2.45E+11,7.075788617,3.398105023,1.159999967,64.081,75.317,2.406083644,developing country
Vanuatu,97.93,37583468.42,61.77245331,8.5,198.1720338,21.21939844,10.02967123,914727908.1,2.900230273,3.207796452,1.809000015,74.726,70.323,4.560291208,developing country
Samoa,101.03,16713450.86,99.9936142,19.3,535.3646598,9.746917646,15.23190468,821286927.5,-1.233162407,1.155776904,8.68599987,81.757,73.187,0.975006552,developing country
"Yemen, Rep.",97.54,-282098333.3,62,26.6,3.754559465,5.000962579,35.61068161,21606140907,0.75244741,14.85366497,13.14500046,63.358,66.096,12.36170536,developing country
South Africa,103.62,5569462350,84.7,29.1,12031.59163,2.275252101,23.50699445,4.05E+11,1.487617373,3.956473697,26.90999985,33.645,63.857,5.802692747,developing country
Zambia,102.65,408438491.7,39.82230377,15.6,41.20630388,3.341123992,34.48532158,26311590297,4.034493897,7.411570948,12.01000023,56.479,63.51,4.68948117,developing country