Country_Name,Food_production_index_2000,Foreign_direct_investmen_2000,Acces_to_electricity_2000,Total_tax_and_contribution_rate_2000 ,Secure_Internet_servers_2000,Agriculture_forestry_and_fishing_value_added_2000 ,Industry_value added_percentof_gdp_2000,GDP_2000 ,GDP_growth_2000 ,Inflation_GDP_deflator_annual_2000,Unemployment_total_percent_of_total_labor_force_2000,Rural_population_percent_of_total_population_2000,Life_expectancy_at_birth_total_years_2000,International_tourism_expenditures_percent_of_total_imports_2000,Food_production_index_2018,Foreign_direct_investmen_2018,Acces_to_electricity_2018,Total_tax_and_contribution_rate_2018 ,Secure_Internet_servers_2018,Agriculture_forestry_and_fishing_value_added_2018 ,Industry_value added_percentof_gdp_2018,GDP_2018,GDP_growth_2018 ,Inflation_GDP_deflator_annual_2018,Unemployment_total_percent_of_total_labor_force_2018,Rural_population_percent_of_total_population_2018,Life_expectancy_at_birth_total_years_2018,International_tourism_expenditures_percent_of_total_imports_2018
Africa Eastern and Southern,10.90700095,4315007316,20.08600661,66.53333333,5.762733464,12.5789843,26.89144197,2.84E+11,3.197142701,11.11730588,7.724844286,71.33071355,51.27612888,7.523185304,101.42,14449631530,42.16824107,43.212,1164.559933,11.9876753,27.07659125,1.01E+12,2.475271736,4.095047399,6.731162734,64.19222988,63.64898804,4.785256272
Africa Western and Central,0.119237217,2560188712,34.65801135,78.35,0.603515154,21.21770129,32.10997932,1.40E+11,3.734635293,5.28980486,4.921423164,64.64701867,49.21971381,6.131741156,100.56,15501756263,51.25325261,50.69545455,89.70735043,20.93140611,26.43711565,7.42E+11,2.952230313,2.639371706,6.04109242,53.36686172,57.76234679,11.25377315
Angola,33.81,878620000,32,52.2,1.284452935,5.664689564,72.12295494,9129634978,3.054624234,418.0189915,4.03000021,49.913,46.522,2.544006078,99.02,-6456076413,45.29,49.1,11.19774051,8.607741762,47.93154163,1.01E+11,-2.003629727,29.06595449,7.421000004,34.486,60.782,2.943521971
Albania,64.01,143000000,100,58.6,4.119434772,24.51541204,19.39568914,3480355258,6.946216585,5.647471475,19.02799988,58.259,73.955,21.47670888,106.13,1204383364,100,37.3,526.0998557,18.42947925,21.27930613,15156432310,4.019359686,1.473058102,12.30000019,39.681,78.458,25.53146747
Arab World,11.82635061,3840491004,78.87247574,58.34444444,6.213191122,8.649374304,46.69936612,8.16E+11,6.599485067,10.44234504,12.59610141,47.01069831,67.80059145,1.647300213,101.31,33766670547,88.30632443,42.74761905,136.7243731,4.448360535,43.97511144,2.73E+12,2.397753222,7.979181856,10.50233556,41.07340495,71.80707511,9.785626115
United Arab Emirates,182.39,-506329999.9,100,14.4,91.81288697,2.262650093,48.51701163,1.04E+11,10.85270421,11.4595358,2.25,19.764,74.327,0,110.44,10385286000,100,15.9,1483.963291,0.718738961,47.0329279,4.22E+11,1.189855642,8.206537292,2.351999998,13.478,77.814,6.306664389
Argentina,69.34,10418314339,95.44536591,107.3,25.20321131,4.679910944,25.99083601,2.84E+11,-0.788998939,1.037287101,15,10.858,73.576,16.51102966,97.2,11716769819,100,106,1872.59091,4.537878897,23.71959233,5.25E+11,-2.617396463,42.03366896,9.220000267,8.13,76.52,15.06997195
Armenia,46.73,104188500,98.9,36.6,10.42639072,3.114903237,28.28480203,1911563669,5.900000003,-1.373675998,11.04800034,35.334,71.409,5.679793969,82.88,266824955.5,99.9,18.5,335.0564972,13.94231166,24.75655785,12457941907,5.2,2.787709514,18.96999931,36.851,74.945,20.10078239
Antigua and Barbuda,139.43,43115925.93,97.45578003,51.5,681.585823,1.59689853,13.89073144,826370370.4,6.203431254,1.553300159,4.690000057,67.873,73.94,2.242058668,100.56,204844928.2,99.99972534,42.8,841.2787437,1.735911717,21.1069983,1605944444,6.883640817,2.352816325,2.625999928,75.401,76.885,9.797813288
Australia,86.95,14892978180,100,52.1,1402.793695,3.114903237,24.5903869,4.16E+11,3.912427733,2.558021881,6.28000021,15.765,79.23414634,10.26985249,96.97,61324623203,100,47.4,32903.58507,2.457803973,24.13993682,1.43E+12,2.87097248,1.830155298,5.300000191,13.988,82.74878049,13.66075663
Austria,95.64,8501013451,100,57.2,690.1496089,1.647300213,28.28480203,1.97E+11,3.375722147,1.364040914,4.690000057,39.787,78.12682927,0,101.86,-28605757320,100,51.5,16705.01094,1.130155508,25.36612216,4.55E+11,2.501595119,1.801930508,4.849999905,41.703,81.69268293,5.904991615
Azerbaijan,53.41,129937000,98.90822245,46.4,2.540220526,16.08486467,42.53830991,5272798391,11.0999995,12.49277345,11.77999973,48.614,66.763,6.819819384,113.36,1402998000,100,41.2,329.383846,5.212505619,52.25053688,47112941176,1.5,12.18487696,4.900000095,44.32,72.864,13.85468754
Burundi,76.99,11683246.08,2.439689159,280.2,0.461062893,44.10704011,15.53957069,870486065.9,-0.856864058,38.9448932,1.590000033,91.754,49.091,1.647300213,120.64,983747.125,10.59861469,41.2,5.995322396,29.01190049,11.10721706,2668495743,1.609933082,-2.850857066,1.587000012,86.968,61.247,15.20177688
Belgium,98.36,88738714000,100,60.1,401.8140924,1.17600528,24.94383258,2.36E+11,3.716679384,2.014617387,6.590000153,2.871,77.72195122,2.242058668,97.72,-41601387267,100,57.7,13973.2428,0.603070152,18.93257257,5.43E+11,1.819203664,1.518919988,5.949999809,1.999,81.59512195,4.596352546
Benin,54.8,-12794843.61,21.5398941,65.7,0.108704467,23.54123399,18.75634821,3519991326,5.857714205,4.341055664,0.851000011,61.667,55.391,7.047215786,108.98,194073683.2,39.23860168,48.9,7.313865391,28.06477391,14.64195675,14262407012,6.697259461,0.670442105,1.470000029,52.688,61.47,1.627874073
Burkina Faso,52.25,23107520.48,9.071893692,47.6,0.256324634,24.91403646,21.87075455,2968369991,1.888473889,-0.819773185,2.605000019,82.156,50.489,0,103.58,268414907.9,14.4,41.3,2.531457665,20.99747328,25.58944338,15890065020,6.604569068,1.07396689,4.690000057,70.642,61.174,3.69658719
Bangladesh,63.16,280384629.7,32,42.8,0.203285868,22.71814808,22.27938268,53369787319,5.293294718,3.44665935,3.269999981,76.41,65.447,4.869155828,109.07,2421626238,91.8,33.4,115.9522936,13.07431266,28.53698765,2.74E+11,7.86375358,5.597386853,4.413000107,63.368,72.32,1.840353977
Bulgaria,94.02,1001503842,100,45.2,62.3343694,10.97048275,22.67758379,13245833844,4.587225342,7.380852358,16.21999931,31.101,71.66341463,9.961158455,103.74,1809860000,100,27.7,38223.85562,3.384615452,22.40471991,66363422450,2.684576131,4.232654424,5.210000038,24.992,74.96341463,5.361579736
Bahrain,46.75,363562321.9,100,47.6,74.94777832,24.91403646,33.47894633,9062898936,5.300070056,29.99127655,1.083999991,11.628,74.44,8.281287454,114.22,111170212.8,100,13.8,370.8329086,0.288039062,42.85970584,37801462766,2.136701347,4.332436919,1.200999975,10.713,77.163,9.276503331
"Bahamas, The",64.01,250250000,100,34.7,366.2632136,1.344646857,12.14887197,8076470000,4.149234046,0.921917928,7.201000214,17.993,71.914,11.56614974,101.14,491404689.2,100,31.5,2357.151192,0.674570409,12.41178395,12837800000,2.76704081,1.071526481,10,16.975,73.752,10.14404269
Bosnia and Herzegovina,65.57,146075610.9,100,42.8,11.87431149,9.001464072,21.53739142,5567405599,12.76546946,21.83624288,25.78300095,57.616,74.403,2.212970342,115.14,601783317.1,100,23.7,1934.758534,5.88543924,24.52345802,20177409351,3.740071092,2.747569582,18.39999962,51.755,77.262,3.271040803
Belarus,71.03,118800000,100,137.2,5.061243151,12.09682717,33.47894633,12738912134,5.80000344,185.2907607,12.26200008,30.027,68.91219512,3.243640757,98.66,1426500000,100,53.3,3436.883031,6.590107726,31.26560971,60031262269,3.149197594,12.13922998,4.760000229,21.405,74.17560976,2.830277682
Belize,94.03,29564651.92,79,34.7,213.9767107,14.64928925,18.53630053,832072450,13.01957737,0.475944593,10.85099983,54.602,68.847,7.454288671,100.02,122041647,91.72,31.1,11595.76162,9.557798965,11.98524587,1915899787,2.906069731,0.175679575,6.644000053,54.276,74.496,4.32865446
Bolivia,54.35,736350000,69.963045,80,5.771950054,12.96581268,25.73902396,8397912509,2.507807553,5.19540791,2.378000021,38.213,62.452,5.582720517,109.64,302368781.4,92.8,83.7,130.1842486,11.48192416,26.24658947,40287647930,4.223623511,3.056265908,3.519999981,30.575,71.239,8.142733047
Brazil,56.62,32994718700,94.36400604,47.5,28.2504586,4.750459972,23.00661863,6.55E+11,4.387949444,5.606065153,9.56099987,18.808,70.116,6.234045684,107.66,78162724370,99.7,65.1,2036.384135,4.420399304,18.74905145,1.92E+12,1.783666761,4.493534332,12.32999992,13.431,75.672,8.309271619
Barbados,119.77,73696943.91,100,65.7,187.855996,1.995424089,15.30642262,3059500000,4.447189623,-1.322839151,9.350000381,66.173,77.162,9.680292946,107.81,241596499.9,100,35.3,868.6854591,23.0027856,36.74276972,5086500000,-0.580333154,2.776033594,8.319999695,68.853,79.081,6.306664389
Brunei Darussalam,55.57,549607250.7,100,17.1,41.16984103,1.024413492,63.66977334,6001153306,2.849421858,29.01570917,5.677999973,28.836,72.809,0,100.01,516202620.6,100,8,1988.530399,1.017623081,63.24364516,13567351175,0.052237791,9.217653488,8.699999809,22.371,75.722,10.29621983
Bhutan,79.26,66900000,31.15,37.3,1.458784949,24.26719528,36.43680288,424464089.9,3.355068285,7.350196168,1.593000054,74.582,60.884,0,102.37,2649454.311,99.96877289,35.3,177.6255441,15.99124824,38.20346089,2446866405,3.055129837,1.759330695,2.444000006,59.105,71.46,6.327688361
Botswana,95.15,57171341.35,27.27221298,17.1,4.529199751,2.794699789,46.30065457,5788329609,1.987695854,14.17096689,15.88000011,46.781,50.629,9.006647909,97.19,285955061.9,68.35865784,25.1,133.5364033,2.055350722,35.04239668,16914245098,3.98039539,-0.331891492,22.07099915,30.554,69.275,3.780021698
Central African Republic,76.82,889074.9,6,65.7,7.067524962,3.932985731,46.40484826,914500299.1,-2.48943244,8.506601078,5.609000206,62.361,44.19,0,107.25,18003535.46,14.6539526,73.3,0.642897324,31.24133151,20.55575596,2220978978,3.789443593,-1.224117158,5.605000019,58.636,52.805,6.306664389
Canada,77.58,68303350856,100,47.5,1282.697909,2.091653007,29.50003752,7.45E+11,4.917762744,4.593831662,6.829999924,20.522,79.13658537,5.276957066,106.26,42603762049,100,20.5,30947.02526,1.699891576,24.62230596,1.73E+12,2.777040554,1.61741439,5.829999924,18.589,82.04878049,15.20177688
Central Europe and the Baltics,0.161715817,23562956308,100,44.93636364,150.2756421,4.355030785,28.88494529,4.28E+11,3.955414767,5.565267655,12.43357487,38.52381264,72.71972472,5.464958023,101.31,-21194240711,100,38.46363636,21419.37955,2.774372677,27.71284269,1.65E+12,4.491186349,3.526212136,4.316407385,37.6663334,76.97682268,3.774788354
Switzerland,97.35,23080879763,100,28.8,1449.601523,1.0515353,25.54183704,2.80E+11,3.976409234,1.356847618,2.670000076,26.617,79.6804878,6.087658105,99.57,-1.60E+11,100,28.8,68154.75418,0.635024356,24.67038266,7.36E+11,2.916905098,0.748408212,4.710000038,26.203,83.75365854,5.272124879
Chile,73.04,4860015668,97.938687,25.3,46.30028218,5.377918724,31.42229659,77860932152,5.326938419,4.271839188,10.48999977,13.927,76.366,4.129155057,101.63,7759647365,100,34,8073.29061,3.545663582,29.38910087,2.98E+11,3.713859177,2.360583375,7.230000019,12.436,80.042,3.670676311
China,65.96,42095300000,96.93087006,50.6,1.199068554,14.67624166,45.53610318,1.21E+12,8.490093406,2.062792614,3.25999999,64.123,71.397,8.791564714,103.09,2.35E+11,100,64,443.5127891,7.043020253,39.68701182,1.39E+13,6.749773832,3.499747636,4.28000021,40.848,76.704,3.519927912
Cote d'Ivoire,66.31,234701731.5,48.67458344,53.4,0.535724444,16.19515451,13.93680252,16577533355,-0.265789464,1.60101729,4.584000111,56.845,49.635,0,109.13,620330654.4,67.17237091,50.1,11.64774692,20.54857036,21.0205173,58011466451,6.89028432,0.634843913,3.292999983,49.221,57.422,4.740925789
Cameroon,45.45,159708006.2,41,50.6,0.344128548,18.11774246,28.48270099,10566578953,3.832417795,1.531562958,7.59100008,54.458,50.993,9.614278331,103.49,765092012.8,62.2,57.7,5.433002141,16.4988007,24.68223121,39973839065,3.95551424,1.896991621,3.617000103,43.626,58.921,10.8637484
"Congo, Dem. Rep.",50.8,94190399.9,6.7,288.2,0.061954171,31.97235827,22.4057063,19088046306,-6.910927317,2630.122674,2.904000044,64.878,50.041,0,92.24,1407563588,18.75225258,54.6,2.81914332,19.05648456,43.6426229,47146004587,5.8211211,29.83589587,4.451000214,55.54,60.368,0.646996732
"Congo, Rep.",60.06,-97897925.12,100,64.5,0,5.304252999,72.15267176,3227927593,7.575980395,47.04008308,19.89500046,41.305,52.123,4.942988084,103.1,4315250918,47.22546768,54.3,6.101789674,6.909114704,52.10485927,13670036996,-4.805351557,23.81107853,20.61400032,33.084,64.29,6.306664389
Colombia,71.61,2436459923,95.2,86.7,10.50357476,8.305719533,27.30577228,99886577331,2.924861483,33.67537051,20.52000046,26.043,72.945,10.02901082,105.1,11298692774,98.5,71.9,651.174232,6.22570969,26.89546675,3.34E+11,2.564324283,4.630579673,9.109999657,19.222,77.109,8.60451441
Comoros,84.35,93636.115,39.74314117,217.9,0,29.37631994,12.20627155,351136568.4,10.84787862,-4.460024513,4.681000233,71.92,59.46,0,102.98,5672348.129,81.6246109,219.6,7.208748537,33.72015306,8.876795865,1188797575,3.642525019,1.835595347,8.079000473,71.035,64.118,13.49646428
Cabo Verde,105.1,34202238.38,100,53.1,24.3583602,12.8717827,21.74719078,539227277.6,14.28486883,-7.901103461,10.9829998,46.565,68.583,12.55103462,82.88,112695606.4,93.42980957,37,498.3779728,5.291984295,19.27924548,1966503223,4.531161684,1.52382748,12.17000008,34.268,72.782,8.37575176
Costa Rica,68.44,723426415.3,96.94,58.1,103.5528909,9.248823187,25.44499083,15013629659,3.868718088,9.389713552,5.079999924,40.948,77.452,8.347555571,108.84,3014543618,99.7,58.3,1205.934341,4.483828337,19.55814326,62420165100,2.615904404,2.192478428,9.630000114,20.66,80.095,5.826260624
Caribbean small states,0.141563096,1708338669,86.7479205,41.40909091,71.12953851,4.008642074,24.57064026,34218221461,3.732760668,1.11583405,13.37608844,49.75200337,71.41917942,7.457050878,101.31,2835137647,97.73551587,36.77692308,1023.110836,4.254347917,26.05842733,75312833438,1.872186884,1.071526481,8.709369595,48.8006501,73.63710628,5.700137353
Cuba,112.65,-127932960.9,97,37.8,0.089080249,6.601255014,25.53508215,30565400000,5.914760174,1.741163593,5.449999809,24.677,76.699,0,101.61,126924996.8,99.52880096,,16.05200709,3.783108446,24.87756122,1.00E+11,2.248480393,1.031341929,1.700000048,22.963,78.726,6.306664389
Cyprus,138.68,854874285.7,100,37.8,275.9260374,3.647264681,17.68603455,9985844486,5.965310315,2.74340599,4.96999979,31.352,78.009,10.56030346,103.78,-1110259659,100,22.2,6372.01895,1.733539855,12.18250115,25522671233,5.692841724,1.003866522,8.369999886,33.19,80.828,8.354910222
Czech Republic,105.53,4987079129,100,48.7,305.5064677,3.250528331,33.49120748,61828166496,4.001028635,1.842133728,8.760000229,26.012,74.96829268,0,95.53,8324668391,100,46.1,42344.59537,1.936644875,31.75703117,2.49E+11,3.198656101,2.568094546,2.24000001,26.208,79.02926829,3.43600441
Germany,93.66,2.48E+11,100,47.7,1049.317943,0.994789222,27.71237832,1.94E+12,2.912502964,-0.489389005,7.920000076,25.035,77.92682927,9.676459111,93.17,1.59E+11,100,49,56406.62071,0.689013201,27.30707333,3.98E+12,1.086024514,1.974717161,3.380000114,22.688,80.89268293,6.328146551
Dominica,105.17,17596296.3,80.96955109,37,42.32684792,11.90399502,15.86014638,333470370.4,2.340219321,-1.782730606,5.662000179,34.735,72.303,0,102.12,78283172.03,100,32.6,6631.670064,11.10662685,15.81375952,550622222.2,2.214305241,3.627455662,6.573999882,29.517,79.5195122,6.663856496
Denmark,97.16,36013297907,100,32.6,1588.050363,2.151853226,23.65270962,1.64E+11,3.746862595,3.017974288,4.480000019,14.9,76.59268293,7.238141363,94.4,8764023726,100,23.8,123154.4405,1.026569351,20.82449329,3.57E+11,1.989537315,0.747856838,5.130000114,12.126,80.95365854,5.826973316
Dominican Republic,57.71,989000000,88.764932,35.5,11.86164128,6.718342047,31.67042451,24305717542,4.66176228,7.207762797,6.429999828,38.247,69.429,5.648774601,108.92,2744500000,98.9,48.8,121.6695318,5.147782819,28.81128478,85555378043,6.982527585,4.121489687,5.860000134,18.926,73.892,4.171781176
Algeria,41.85,280100000,100,76.9,0.361337439,8.395048495,46.24851522,54790392746,3.8,22.67800919,29.77000046,40.081,70.64,0,89.97,1466116068,99.641922,66.1,67.60850484,11.87420085,27.75214328,1.75E+11,1.1,6.862936667,10.42000008,27.371,76.693,0.901999675
East Asia & Pacific (excluding high income),0.13034963,48070308982,92.52939546,36.8,2.433945461,14.42126823,43.73513754,1.73E+12,7.63979191,4.488493398,3.405416825,63.43588414,70.13617325,5.963773079,97.32,3.11E+11,97.73888065,33.705,677.1415699,7.7535928,39.18614182,1.66E+13,6.515506328,3.302950738,3.792054989,44.34986597,75.21766316,15.20177688
Early-demographic dividend,0.244927893,51281457720,65.97408855,43.83207547,7.116090445,10.3803817,31.69584401,3.38E+12,4.408247638,7.993446741,6.235296187,61.66592719,64.40307724,5.805898954,103.73,2.24E+11,90.92324561,37.69344262,623.3781327,10.32132191,32.27820655,1.12E+13,3.669162677,3.74065383,5.636733013,54.86984384,70.48323834,5.183908151
East Asia & Pacific,0.132369628,1.75E+11,93.33774439,37.84166667,58.8647082,4.448411775,34.05598771,8.37E+12,5.391156929,2.849913455,3.535480292,58.57924434,71.17191877,6.685695809,95.56,6.02E+11,97.95669786,34.40689655,1991.841603,5.399668965,35.17009024,2.64E+13,4.730265273,3.15980891,3.733557946,40.94716294,76.07158863,15.20177688
Europe & Central Asia (excluding high income),0.155670818,9009453104,99.86444419,57.00588235,27.54586792,9.513064242,30.17134356,7.00E+11,8.025834083,23.46454819,10.7015704,36.10185006,67.55767194,0,100.6,50796959380,99.9820554,33.255,5066.772334,5.135376698,30.94586496,3.42E+12,3.227980625,3.926155289,6.944385653,33.00468926,73.67534256,7.550293137
Europe & Central Asia,0.156457759,8.56E+11,99.94463721,50.49534884,369.4023509,2.417118668,25.4426845,1.00E+13,4.263373667,4.182471687,9.817371885,31.25836383,73.0293742,7.657284957,101.62,-2.76E+11,99.99185131,36.686,18871.64644,1.946622033,23.48784302,2.32E+13,2.172781601,2.075572482,6.896505402,27.78882475,77.91035086,5.61102218
Ecuador,72.32,-23439367.91,93.53726196,35.2,10.59215192,15.40454427,33.61759449,18327764882,1.091801564,-7.714066764,4.800000191,39.701,72.761,8.443811557,94.5,1388456763,98.7,32.3,265.6230766,8.949269523,32.54262509,1.08E+11,1.289291933,1.818873571,3.529999971,36.179,76.8,5.792091558
"Egypt, Arab Rep.",70.09,1235000000,97.7,54.4,2.477004816,15.53807704,30.7518671,99838543960,6.370003834,3.94440699,8.979999542,57.203,68.602,5.267525661,96.69,8141300000,100,46.9,35.11352897,11.22500023,34.96339119,2.50E+11,5.314121037,21.42622592,9.819999695,57.296,71.825,3.795456719
Euro area,0.154137863,5.55E+11,100,51.1125,544.0315149,2.084512045,25.16706504,6.48E+12,3.864160938,2.74340599,9.426751325,27.05783359,78.27507038,7.849364587,101.31,-14021769377,100,42.57894737,30477.07253,1.512009369,22.25723353,1.37E+13,1.832626591,1.812996752,8.170314497,23.00691395,82.0598817,5.340426217
Spain,91.75,40509751188,100,60.4,207.0554421,3.745305634,27.96923984,5.97E+11,5.24599468,3.329704778,13.78999996,23.738,78.96585366,0,115.63,58626179995,100,47,11302.76466,2.757594167,19.8788457,1.42E+12,2.288785676,1.245255115,15.25,19.679,83.43170732,15.20177688
Estonia,77.71,416214286.8,100,50.4,535.496348,3.885009588,24.88270145,5686579748,10.08763444,3.684706449,13.35999966,30.632,70.41707317,6.865139259,88.34,1232538894,100,48.5,48893.43763,2.221009358,24.04094001,30474612057,4.133819798,4.024454151,5.369999886,31.12,78.24390244,7.524011957
Ethiopia,42.09,134639999.9,12.7,29.1,0.03423096,44.66601795,11.41046712,8242392104,6.07321748,9.464718955,3.509000063,85.26,51.941,4.93528176,100.37,3360419369,45.05340195,37.7,1.464874015,31.11192916,27.30570214,84269348327,6.816147797,12.38229481,2.318000078,79.237,66.24,3.074432351
European Union,0.155822496,6.34E+11,100,48.825,488.0343836,2.203959282,25.36395616,7.26E+12,3.899857964,3.329704778,9.827535744,29.17428844,77.0784478,7.772449093,101.42,-34153516242,100,40.63703704,29622.35694,1.609920296,22.7048289,1.60E+13,2.065582359,2.002209227,7.266660274,25.48330292,81.03490546,5.159684108
Fragile and conflict affected situations,6.888079854,9019389107,32.46619483,71.046875,0.797778747,15.37633937,46.40484826,5.01E+11,5.523794151,10.14774081,5.669626634,65.10764561,54.49780062,6.994942109,100.56,20177045236,53.2986196,47.51351351,73.42690875,16.79256121,7.360039395,1.57E+12,2.74408837,5.13232621,6.42645262,58.23176152,62.19424904,11.2464742
Finland,99.39,13502068645,100,49.5,1017.460722,2.953635977,31.58997963,1.26E+11,5.773362458,1.637831432,11.13000011,17.817,77.46585366,5.760256588,92.81,-10571698825,100,37.3,33999.12066,2.386622578,23.99557969,2.76E+11,1.141947509,2.002209227,7.360000134,14.618,81.73414634,6.599761278
Fiji,128.13,591375.1146,75.71011353,41.5,15.11951394,14.98754304,19.58735269,1678239218,-1.699998416,-4.719873879,3.992000103,52.092,65.687,8.717085684,103.76,468861002.9,99.33879089,32.2,173.1768328,10.90656484,15.53738348,5581371848,3.81235097,1.425718207,4.333000183,43.752,67.341,5.172933036
France,103.43,41389082665,100,68.3,278.0515722,2.098357551,21.29393981,1.36E+12,3.923669227,1.553290253,10.22000027,24.129,79.05609756,7.690060631,98.7,77493098693,100,60.4,20380.05464,1.648876616,17.18837933,2.79E+12,1.865066071,0.992224566,9.020000458,19.556,82.72439024,6.238237932
"Micronesia, Fed. Sts.",91.21,8073327000,46,59.6,29.1499864,24.07504893,8.182514989,233271800,4.833903786,1.07890621,,77.67,64.55,0,97.81,126924996.8,80.40616608,60.5,186.4346591,22.51219919,4.866441438,401932300,0.2116536,9.386340012,11.15200043,77.297,67.755,4.68948117
Gabon,82.53,278061232,73.6,46,2.462832775,6.213624522,56.2551965,5080483464,-1.882966398,28.0893436,17.34300041,21.121,58.264,11.08995424,103.01,1379070816,89.84184265,47.1,26.42413089,5.435952803,47.12708562,16867325127,0.837916581,7.176657494,20.74900055,10.63,66.187,17.35789392
United Kingdom,95.63,1.64E+11,100,34.7,1315.401967,0.850705508,22.77405553,1.66E+12,3.672369105,1.690837262,5.559999943,21.349,77.74146341,0,99.4,-25055440307,100,30,27261.82097,0.576624141,17.90602379,2.90E+12,1.650925496,1.999034892,4,16.602,81.25609756,2.829371746
Georgia,129.52,131466678.3,100,57,9.506971119,20.6020089,20.99750128,3057475335,1.838341066,4.680307819,10.81999969,47.362,69.902,9.852085616,104.14,1270488181,99.9,9.9,2182.179813,6.762198595,19.91775674,17599700091,4.842919885,4.361109044,12.67000008,41.368,73.6,8.914812777
Ghana,52.19,165900000,43.7,39.1,0.887826582,35.27152196,25.40392229,4983024408,3.700000082,27.23011384,10.46000004,56.071,57.002,4.835505838,111.87,2989035000,80.4,32.4,21.80258828,18.13655055,31.1777427,67299280680,6.200077681,10.56847993,4.276000023,43.94,63.78,5.723376598
Guinea,56.08,9942000,15.46630478,71.6,0.098114552,20.98183124,31.38226258,2995361141,2.503060562,6.30012396,4.552999973,69.131,51.203,1.491244227,113.73,352760000,44,61.4,3.302645048,22.32593095,30.87817001,11857030337,6.358491927,7.05908442,4.982999802,63.86,61.185,9.840642599
"Gambia, The",98.92,43520000,34.3,279.9,4.461300726,24.53228447,14.82267336,782915402.4,5.500000216,2.216982613,9.083000183,52.132,55.956,0,106.36,81805006.6,60.3,56.6,24.56041247,19.87159618,17.3104258,1670670669,7.234890333,6.951764038,9.475999832,38.73,61.735,1.503496132
Guinea-Bissau,64.64,702270.863,,54.2,3562.43474,41.72867143,14.10938893,371095510,5.426987367,80.89967647,6.247000217,63.757,50.368,0,103.63,20563818.22,28.51482964,45.5,2.134125521,30.72370337,12.66526413,1504630121,1.283736703,5.249994642,5.981999874,56.64,58.003,16.24803717
Greece,108.2,-8195469.288,100,54,63.93113924,5.435248181,18.74760261,1.30E+11,3.919770905,1.592670321,11.25,27.284,77.88780488,10.94727777,83.84,4025447789,100,51.9,5035.367015,3.635408491,13.62843825,2.12E+11,1.668428636,-0.165244042,19.29000092,20.942,81.78780488,4.55695193
Grenada,99.61,37407407.41,85.93244171,45.3,94.13802517,5.164160494,17.90951883,520044370.4,4.887952137,2.863029772,28.34499931,64.302,72.648,0,146.52,184005689,94.82138824,47.8,323.0177032,5.205454409,13.43321924,1166523556,4.299405392,-0.643855628,8.623999596,63.728,72.384,6.133004223
Greenland,92.82,4703000000,100,37.8,931.3768562,17.92231134,6.849546247,1068030830,7.101596882,2.110093215,5.876999855,18.4,66.96341463,0,96.35,,100,,3070.16761,18.39783322,18.05198187,3040414278,1.845848009,0.117577136,5.559000015,13.184,81.65170732,15.20177688
Guatemala,45.99,-788600000,73.318205,41.1,7.433543247,22.82114793,19.79111628,19288827159,3.608868717,6.830114668,2.724999905,54.668,67.849,3.880285991,102.37,922397870,94.41300964,35.2,78.66910953,9.455204935,21.42719797,73208583759,3.322097997,1.189612962,2.279999971,48.946,74.063,5.219611611
Guyana,74.62,67100000,74.48694611,39,1.334347437,29.9832313,20.00122998,712667896.7,-1.363803903,6.586043726,11.8579998,71.306,65.242,10.35920893,128.68,1180405596,91.23745728,30.6,47.49636396,19.53579387,26.25976398,4787636237,4.441013589,-2.887581564,14.02000046,73.394,69.774,15.20177688
High income,0.153829521,1.42E+12,99.94997831,42.88913043,1092.232217,1.63152248,26.55816261,2.77E+13,4.114863705,2.796659723,6.528519797,23.2860006,77.59380137,6.920282885,101.31,3.11E+11,99.99941579,36.1,34309.60581,1.246245684,22.94778404,5.46E+13,2.351877378,2.011773449,5.089573747,18.61820573,80.78733976,5.608207992
"Hong Kong SAR, China",100.38,70495739306,100,24.1,447.4530907,0.087327038,12.08238349,1.72E+11,7.663462103,-3.39423536,4.920000076,0,80.87804878,5.988263508,87.16,97036255479,100,22.9,19403.56999,0.062149067,6.479586924,3.62E+11,2.846447939,3.657551022,2.819999933,0,84.93414634,3.885073954
Honduras,68.07,349978000,67.37645721,37.2,6.011445552,14.37252354,29.3809339,7103826902,7.291288159,7.993446741,3.838999987,54.542,70.689,5.868782164,105.55,1442587576,91.6,40.8,74.78469674,11.61016046,26.5924588,23900438564,3.84499477,1.947216915,5.650000095,42.904,75.088,4.624417265
Heavily indebted poor countries (HIPC),8.585447083,4053506920,18.92383723,80.27297297,0.540182172,25.91128944,21.60474323,1.76E+11,2.742005414,8.201104251,5.215423094,71.27447757,52.26410061,7.379844001,101.31,28397872153,43.6443219,52.66842105,15.1646881,21.78627079,26.10392302,7.68E+11,4.345091512,2.658974525,4.686503172,63.99159883,63.13499116,4.763533334
Croatia,67.14,1015069997,100,20.8,117.7996972,4.961600952,24.07709323,21839780971,2.895500506,4.340150032,16.05999947,46.572,72.80780488,7.375739551,104.66,1319393496,100,20.5,19554.81167,2.95709187,19.87739083,62247874949,2.900009599,2.010366801,8.430000305,43.053,78.07073171,5.556149756
Haiti,63.94,13250000,33.7,40.4,0.201018803,17.18551672,23.04848687,6813577558,0.870059253,91.38066381,8.404000282,64.4,57.131,12.63954644,100.6,105000000,44.41743088,42.7,5.304237106,18.64785769,24.06347511,16455034353,1.667810955,7.278760516,13.85999966,44.722,63.66,10.56252868
Hungary,90.62,2747712560,100,53.6,167.6996143,4.934459878,27.048551,47218405892,4.479193809,9.583481885,6.559999943,35.425,71.24634146,5.114574129,101.61,-64364899191,100,40.3,19243.90245,3.485911692,25.08088046,1.61E+11,5.359496489,4.846481988,3.710000038,28.649,76.06585366,2.537227797
IBRD only,0.132909413,1.57E+11,84.21492039,47.51166667,8.882233887,9.687957924,34.16481938,5.85E+12,5.903481275,8.17838316,6.016075953,56.44416858,68.0527888,5.782930265,101.25,6.03E+11,97.63929486,41.72058824,1258.778652,7.512086554,34.74439566,3.05E+13,4.850668055,3.818323569,5.625807072,44.97621346,73.41190445,7.48977675
IDA & IBRD total,0.638785184,1.63E+11,74.26364157,56.68,6.937789837,10.96928608,33.38228349,6.39E+12,5.730165956,7.277430207,5.718581971,59.54844748,65.49049277,5.797299607,103.05,6.49E+11,87.73864583,42.29571429,958.6749272,8.365968537,34.11026285,3.26E+13,4.822949872,3.398105023,5.468802594,49.56326341,71.08065527,5.830053371
IDA total,3.477950141,6326112714,34.98974615,65.14307692,0.552612133,24.92256266,24.90386028,5.36E+11,3.754157027,6.325902485,4.364836891,71.0465398,56.01427659,6.005901336,84.89,45877441262,58.72363277,42.83888889,74.06990971,20.51872562,25.09201128,2.15E+12,4.4631218,3.052062592,4.920315615,63.02095606,64.24817977,6.551810101
IDA blend,0.11998555,1996567480,54.4900754,49.20769231,0.765267676,23.40566867,24.87076028,2.07E+11,3.678101777,2.197296365,3.862231893,66.13562517,55.19353906,5.395574594,100.91,12674585982,65.81834733,37.06,149.1437858,21.08041745,22.8660142,9.66E+11,3.637637718,2.459286095,5.792066755,57.77176741,62.16186739,10.81614191
Indonesia,64.89,-4550355286,86.3,35.8,1.637485341,15.67870444,41.96907464,1.65E+11,4.920067747,20.44745685,6.079999924,57.998,65.772,0,108.9,18909826044,98.51,30.1,1282.965202,12.80849756,39.72973745,1.04E+12,5.17429154,3.818323569,4.400000095,44.675,71.509,6.023914375
IDA only,5.705577313,4329545235,23.57889425,69.12692308,0.443899858,25.90612612,24.86397419,3.30E+11,3.828275784,6.968119947,4.587990661,73.51588455,56.42591493,6.462719829,101.31,33202855280,55.1310619,44.35964912,35.72044862,20.06970639,26.92107261,1.18E+12,5.252169389,3.102955543,4.535951439,65.68341485,65.30456203,4.258437958
India,64.56,3584217307,59.34104538,35.8,1.669797824,21.60895747,27.32582838,4.68E+11,3.840991157,3.644970161,5.56099987,72.333,62.505,5.04411947,111.77,42117450737,95.19329834,52.1,187.8042726,15.97015748,26.38289869,2.70E+12,6.532989011,3.737251671,5.329999924,65.97,69.416,4.011135266
Ireland,92.21,25779436150,100,25.4,959.3972135,2.504929039,31.50132261,99958806891,9.399418006,6.878962193,4.320000172,40.845,76.53658537,0,110.06,67361732390,100,26,69593.59121,0.888696523,37.03428633,3.85E+11,9.0301611,0.711919255,5.739999771,36.83,82.25609756,2.088241159
"Iran, Islamic Rep.",68.41,39000000,97.9,44.2,1.247245908,9.068419327,40.30591016,1.10E+11,5.808898853,24.97250817,11.57400036,35.958,70.176,3.833628521,105.76,2373000000,100,44.7,494.5953436,9.93633543,35.91057895,2.94E+11,-6.025971803,32.89860856,12.18999958,25.102,76.479,7.48977675
Iraq,107.98,-32000,100,26.1,0.033622513,4.634745507,84.79597915,48364250944,16.92166569,24.61243674,8.727000237,31.504,69.082,0,86.39,-4885100000,99.9,30.8,11.31822038,2.815817643,54.16994275,2.27E+11,2.633850991,18.2039921,12.9659996,29.527,70.454,13.81074618
Iceland,78.66,155160734.1,100,26.8,2333.032534,7.003858574,23.06831891,9025660362,4.98504277,4.024793341,1.940000057,7.599,79.65365854,0,107.87,-622718386.3,100,30.6,64762.23417,3.922777196,19.56643518,26267063758,4.892180731,2.652950624,2.700000048,6.187,82.86097561,7.48977675
Israel,77.59,8047500000,100,35.5,444.4094653,1.330471508,23.43420199,1.32E+11,8.892274486,2.252626865,11.10000038,8.797,78.95365854,7.977467341,97.16,21514500000,100,26.2,9611.946683,1.191049725,18.85576854,3.74E+11,3.983424594,0.887278237,4,7.582,82.80243902,9.180441931
Italy,115.2,13172981900,100,76.7,127.0635662,2.56361412,24.30930843,1.14E+12,3.786955143,1.792397966,10.84000015,32.778,79.77804878,6.400732249,100.53,44249715319,100,53.1,12257.96799,1.945420074,21.45015172,2.09E+12,0.925810941,1.068132047,10.60999966,29.562,83.34634146,6.217643187
Jamaica,92.08,419600000,84.38311005,47.9,24.19529302,6.231900157,22.56354482,9005064475,0.878703548,10.58708025,15.53999996,48.186,74.142,5.376344086,105.43,774620603.1,98.50248718,35.1,153.6703883,6.592227603,20.34859028,15730793853,1.889923681,4.99324115,9.100000381,44.326,74.368,6.400361466
Jordan,54.74,913258110,98.85403442,31.1,11.8432162,2.015423708,21.94581929,8460424401,4.245712344,-0.40810929,13.69999981,21.73,71.73,6.677367938,94.77,954929577.5,99.9,28.6,102.8566864,4.840442165,24.53073867,42932112676,1.934091701,1.711128061,18.27000046,9.021,74.405,6.51516269
Japan,103.31,10688168326,100,37.8,552.9007574,1.517880339,32.51358706,4.97E+12,2.764647551,-1.33626009,4.75,21.351,81.07609756,9.379675363,99.15,25289367858,100,46.7,11670.80142,1.04669343,29.0635064,5.04E+12,0.558851275,0.004628939,2.400000095,8.384,84.21097561,3.026315995
Kazakhstan,56.66,1370521199,99.47368622,45,3.492246478,8.110783885,37.77582967,18291994909,9.800000002,17.42640268,12.75,43.902,65.45,5.384758323,114.2,83409074.56,100,29.4,1374.172624,4.395858103,33.4962004,1.79E+11,4.1,9.205605991,4.849999905,42.572,73.15,6.169362954
Kenya,55.98,110904550.4,15.14182186,49.8,1.546489227,28.72178064,15.01585603,12705357103,0.599695392,6.079848488,3.020999908,80.108,50.921,4.146021269,109.51,1625921131,61.43641663,37.2,217.2298447,20.31491042,17.31314613,92202956321,5.62910144,4.233621101,4.249000072,72.97,66.342,7.48977675
Kyrgyz Republic,77.58,-2360124.961,99.57141113,68.3,1.835569669,34.18770856,29.19961994,1369688498,5.443336633,27.16173805,7.539999962,64.702,68.55853659,4.278782954,108.05,144222600,100,29,170.0196116,11.67528648,27.47851368,8271108638,3.757910125,3.447445127,6.886000156,63.649,71.4,7.694624604
Cambodia,41.85,118308566.3,16.6,21.5,0.698704358,35.91870323,21.85665448,3654031716,9.993580322,-4.283226767,0.967999995,81.414,58.432,2.297577312,106.15,3212633447,91.83401489,21.7,81.10871553,22.0129559,32.28939312,24571753583,7.469169207,3.111821368,0.143000007,76.612,69.57,4.939914556
Kiribati,61.55,721810.265,,31.8,0,19.95974138,10.49336207,67254174.4,6.25,2.034084662,19.05200005,57.042,63.144,0,104.07,-1144364.717,99.22225952,32.7,43.16223822,29.16078857,12.58049649,200157020.6,3.775954286,5.641280799,26.18899918,45.943,68.116,7.48977675
St. Kitts and Nevis,382.61,96214814.81,94.86717987,52.3,550.8967375,1.54557603,26.84273456,421695769.8,10.04280842,-5.751373934,12.05700016,67.222,,0,103.1,40051767.21,100,49.7,4462.412754,1.086555632,24.54575206,1078518519,2.699999466,-0.997100114,5.947000027,69.224,64.486,9.632449049
"Korea, Rep.",96.45,11509400000,100,36.8,175.3234928,3.857792038,34.75531678,5.76E+11,9.060833325,1.021765005,4.059999943,20.379,75.9097561,4.236583176,100.71,12182600000,100,33.1,2065.122133,1.746403394,34.04580231,1.72E+12,2.907403774,0.482948983,3.819999933,18.541,82.62682927,5.856506804
Kuwait,39.03,16299834.37,100,10.7,78.88006353,0.35521983,24.1192508,37712842243,4.694581871,20.52171018,0.800000012,1,73.142,25.07827191,126.01,-21377568.82,100,13,412.1031181,0.447338718,60.32072893,1.38E+11,1.246129408,12.58351724,2.164999962,0,75.398,20.99266262
Latin America & Caribbean (excluding high income),0.123910087,68982500539,91.00172704,48.61818182,19.88593526,5.086751184,28.12914155,1.98E+12,3.550758474,5.606065153,8.664153942,25.67699304,71.45222166,5.750811504,,1.64E+11,97.58463745,46.86666667,1048.771592,4.804595547,24.58917662,4.91E+12,1.65484389,2.192478428,8.017658388,20.03020572,75.42250137,5.87384755
Lao PDR,41.31,33890000,42.48462296,35.2,0.480063906,33.63025103,16.4770694,1731198022,5.798782326,24.79777661,2.062999964,78.023,58.803,0,92.7,1358019506,98.07460022,24.1,20.39227371,15.70918682,31.53319249,18141651381,6.247960008,1.919889194,0.827000022,64.996,67.61,13.28658456
Lebanon,107.55,993475000,100,35.4,16.75730417,6.237509608,19.96541122,17260364842,1.341871619,-2.087983147,8.31499958,14,74.507,5.329073554,97.85,2658003845,100,31.1,174.2132849,3.217711507,14.24266069,55276157552,-1.702174807,5.454397231,10.79599953,11.407,78.875,19.50789531
Liberia,69.96,20800000,100,35.8,0.513959526,76.07454233,4.24715103,874000000,-3.059189762,0.627900034,2.079999924,55.669,51.734,0,99.95,129129754.8,24.81807899,45.5,2.28264262,35.49669991,16.92386495,3422754800,1.157575122,-0.209872797,3.029999971,48.849,63.73,7.48977675
Libya,85.35,141000000,99.8,35.8,1.129457262,1.446173496,15.01507311,38270206950,3.679213293,13.30692472,19.67200089,23.613,70.852,9.852707006,101.59,0,67,32.6,1099.787155,22.04289675,13.38724696,52607888718,15.13279989,18.12364521,19.45499992,19.898,72.724,10.83358092
St. Lucia,166.41,53748148.15,100,35.7,45.95271466,28.42052271,16.07920065,932592592.6,0.048748554,1.11583405,16.48999977,72.226,73.319,0,81.03,45522200.84,98.91943359,34.7,252.9001045,1.791446262,10.13585195,2065127259,2.926420885,0.482768211,19.07999992,81.322,76.057,8.636989536
Latin America & Caribbean,0.124124996,97255235966,91.69891358,48.86206897,21.32616759,4.870802716,29.49489484,2.29E+12,3.57566557,3.539308495,9.008150224,24.52177589,71.68738957,5.864469562,101.42,2.10E+11,97.79457458,46.48787879,1235.098006,5.430093647,29.04660189,5.70E+12,1.625375788,2.35669985,7.873814768,19.37500874,75.4408494,5.808616643
Least developed countries: UN classification,6.787993568,3801745290,19.21503457,75.39756098,0.340970014,26.87626837,24.14574314,2.18E+11,4.137152923,7.77565021,4.180259376,74.97591375,55.47978628,5.971657558,100.56,18419083074,51.93164262,44.82,34.49858483,19.18121699,29.18965974,1.06E+12,4.515572956,3.111821368,4.552063921,66.43203419,65.03980124,3.900474187
Low income,11.22832339,1733623452,12.87158561,96.20434783,0.240787095,27.39727744,28.98200558,1.88E+11,2.97066605,9.777061275,4.968771373,72.70916333,53.36597129,0,101.31,12396005047,39.83934444,46.88,9.469059103,25.63078899,26.35953169,4.26E+11,3.543556322,4.729021523,4.89272922,67.41577507,63.38749938,3.754394862
Sri Lanka,67.5,172941409.8,100,56.7,3.553495756,19.92731504,27.3180768,16330814180,6.00003316,7.277430207,7.739999771,81.62,71.333,4.725472897,116.25,1614044009,99.58686066,55.2,412.4134749,8.023787716,26.25703471,87963042341,3.272000479,3.826651153,4.320000172,81.524,76.812,9.265818284
Lower middle income,0.25542941,11685756221,62.7341424,50.34285714,1.75797813,18.40134131,30.80089735,1.51E+12,4.431143335,6.325902485,5.66073682,66.29460675,62.61528962,5.021351897,104.9,1.37E+11,87.58819429,42.89636364,383.7576454,14.9916373,29.35626081,7.35E+12,4.610893635,3.398105023,5.241381883,58.5398583,68.86963715,5.38952508
Low & middle income,0.696855307,1.42E+11,73.87243083,57.17931034,5.665660317,11.44739607,33.30252081,6.00E+12,5.788633228,7.687149549,5.551531907,59.94443373,65.37546277,5.770445672,95.2,6.20E+11,87.42337974,41.91984733,830.9048811,8.434340603,33.61686031,3.14E+13,4.828861035,3.422775075,5.457108636,49.81794026,71.02162515,7.48977675
Lesotho,99.83,32402238.3,4.258760108,20.1,0.501108703,7.827134815,35.16430785,887295267.9,3.875546814,6.300218213,35.45700073,80.452,47.691,18.66498639,95.7,40874071.93,47,13.6,39.36770719,4.32156306,31.65282691,2514146888,-1.223137311,9.622803752,22.81299973,71.847,53.705,14.31144755
Late-demographic dividend,0.134071107,1.41E+11,95.77769642,42.9925,13.89986168,8.926891256,36.74784007,3.40E+12,6.983770496,5.647471475,5.178280443,54.39665062,70.90346746,6.445581087,101.31,5.16E+11,99.30236444,35.73541667,1785.396841,6.041671162,36.2695726,2.25E+13,5.394096535,3.226106405,5.009403463,37.5620244,76.22687683,12.36170536
Lithuania,80.75,380272500,100,51.2,177.2521843,5.586050778,26.33555866,11524776867,3.695525421,1.298538346,15.93000031,33.014,72.0195122,5.053981753,88.17,1299841764,100,42.6,18267.07639,2.879630172,25.61934411,53724663843,3.993310328,3.526212136,6.150000095,32.321,75.6804878,18.08020773
Luxembourg,87.69,9874719,100,37.8,1195.377086,0.596866957,16.65467895,21177470978,6.938130249,4.608473023,2.349999905,15.784,77.87317073,0,111.14,-16756576740,100,20.5,43151.57497,0.233119379,10.9856936,71250208996,2.00437712,1.731701858,5.590000153,9.019,82.29512195,2.530952651
Latvia,62.21,324184857.5,100,36.2,227.4076246,4.46531916,23.6200242,7958852839,5.675735172,3.618233276,14.21000004,31.933,70.31463415,10.11347784,90.48,427807358.1,100,36,14504.13922,3.593805161,18.65960365,34412210812,3.989480387,3.893608357,7.409999847,31.858,74.78292683,15.20177688
"Macao SAR, China",90.95,-790000,100,37.8,209.9532715,0.547435712,11.45873568,6774193548,5.74690231,-1.746154995,6.869999886,0,80.407,0,103.52,1534095991,100,,2650.273181,23.0027856,4.08350755,55284360483,6.464613521,3.543470792,1.830000043,0,84.118,10.60684069
Morocco,53.06,426553283.9,69.55908966,51.7,1.576829438,11.87727963,26.95991476,38857251336,1.912872981,-0.74228819,13.57999992,46.665,68.684,4.623492774,112.89,3544387229,98.1,49.8,295.7332615,12.21673615,25.87375492,1.18E+11,3.148502656,1.089633971,9.265000343,37.547,76.453,5.393166682
Monaco,92.33,19854574738,100,26.1,786.3180657,2.189573978,24.1192508,2647885849,3.910229226,1.400617939,11.67199993,0,65.268,0,101.31,119435105.7,100,,10650.94876,0.408843634,13.12890888,7194024563,5.95627042,0.991522346,12.24800014,0,66.867,3.519927912
Moldova,84.07,127540000,100,47.5,13.27980871,25.40932153,19.14766937,1288429392,2.107716048,27.32875203,8.460000038,55.411,67.006,9.653484796,121.29,293410000,99.99,40.3,3917.711082,10.27091924,22.65158681,11456728401,4.301477742,3.180023176,4.110000134,57.371,71.808,6.853922781
Madagascar,72.17,82952580.71,13.23051071,45.3,0.283665947,30.87871729,11.07301006,4629247091,4.456858938,11.57035297,5.800000191,72.879,58.485,12.03738921,101.62,612036371.4,25.51556015,38.3,5.445064949,23.9733833,21.48195747,13760033097,3.194356515,8.297993313,1.843000054,62.809,66.681,6.409428092
Maldives,139.54,22312447.82,83.8,9.3,24.60831761,3.932985731,46.40484826,624337145.3,3.845810392,2.032412452,1.970000029,72.294,70.173,13.2845086,102.77,575658028.2,100,30.2,523.5561485,5.235853287,12.80742445,5300962660,8.123128908,3.149739981,5.618999958,60.192,78.627,10.09302197
Middle East & North Africa,0.927353793,12237516693,91.0741455,45.67647059,16.47241431,7.301524027,43.11698621,1.05E+12,6.789277153,10.94798496,12.03804159,41.40432609,69.88725675,7.921393625,101.62,59796665769,96.28229095,32.40952381,423.0554595,4.325170978,40.67983887,3.37E+12,1.475677069,8.206537292,9.882142458,34.62779415,74.08883309,9.832162411
Mexico,71.89,18382284821,98.007132,37.8,13.41888217,3.323086312,34.20970569,7.08E+11,4.942453715,11.15220612,2.650000095,25.278,74.34,3.318251632,110.58,37701279465,99.5,55.7,225.7454907,3.383800383,31.14884669,1.22E+12,2.194994725,4.946411123,3.279999971,19.844,74.992,2.785041162
Marshall Islands,19.33,739000,68.51438141,64.8,17.74276539,8.014391296,12.68107241,115347500,1.354079109,-0.454689463,2.933000088,31.42,65.23902439,0,101.43,9752051.362,95.82923126,65.7,136.9581593,16.52844524,12.21157738,221588900,3.574750982,0.345650272,5.021999836,22.969,76.152,17.97139205
Middle income,0.18153814,1.41E+11,78.08787488,47.52795699,6.183223662,10.93459438,33.45791965,5.82E+12,5.841487292,7.242596502,5.593690827,58.87644517,66.37992333,5.770867043,101.62,6.08E+11,92.658791,40.75,916.5548882,8.197232462,33.71523163,3.10E+13,4.84756093,3.312105714,5.511434455,47.88115868,71.861587,3.519927912
North Macedonia,82.23,217507099.2,100,17.8,19.95129936,10.09628146,21.40633672,3772857145,4.549135783,8.17838316,32.20000076,41.452,73.267,3.262093257,101.66,648732425,99.8,13,466.2325759,8.47039847,24.05042988,12683070061,2.88059671,3.926155289,20.73999977,42.037,75.688,3.056538997
Mali,42.2,60181780.68,9.607888222,51.4,0.465136306,32.90186772,21.52094779,2961476518,-0.060834972,-0.61972792,5.626999855,71.644,48.069,7.128262658,125.32,467067198.1,50.9,48.3,10.53583087,37.61244316,20.22894748,17070866299,4.746484327,1.457963911,7.427999973,57.644,58.893,4.195404247
Malta,118.8,743185324.7,100,26.1,1654.97409,1.872048947,26.93848692,4069515579,19.6812701,-9.380155258,6.320000172,7.632,78.34878049,5.609552323,94.37,4464845211,100,44,14415.12081,0.74804381,12.38749267,14864712990,5.179224796,2.25673045,3.660000086,5.388,82.44878049,15.20177688
Middle East & North Africa (excluding high income),1.006646736,5120765879,89.50068078,56.79166667,1.902169917,11.70217847,35.81684454,5.32E+11,6.097963042,10.0716655,13.18114156,44.55317109,69.35469409,5.200932721,,15340175843,95.64138126,39.48461538,192.4246135,8.920404206,33.95145129,1.32E+12,0.599138759,7.751826419,11.62017369,38.40875377,73.5873387,7.282458404
Montenegro,74.7,27870106.7,100,30.1,20.98710423,11.30187792,21.25900465,984297589.4,3.100000184,11.02653052,28.58799934,41.456,73.228,0,95.05,485653127.8,100,22.2,416.2468038,6.732237789,15.93412579,5504166667,5.077888811,3.226106405,15.17000008,33.187,76.77,1.991407262
Mongolia,79.54,53697000,67.3,40,9.191507635,27.42253062,22.19614216,1136896124,1.146062137,11.99969139,6.227000237,42.867,62.869,7.003357967,152.22,1951528196,98.1,24.7,1689.791289,11.42800452,37.97567033,13178094459,7.74488062,7.960615867,5.380000114,31.555,69.689,9.695972287
Mozambique,63.46,139300000,6.089135647,37,0.764929934,19.09520491,17.90235829,5656473652,1.180300789,11.49754484,2.852999926,70.902,48.946,0,102.81,1678061192,31.1,36.1,11.83210922,24.56767288,25.34467979,14845870051,3.44381384,3.00116964,3.45600009,64.012,60.163,1.290157578
Mauritania,72.39,40096000,100,85.8,1.717131246,24.8287453,29.95185026,1779523344,-3.918025879,6.351586758,9.848999977,61.909,60.706,0,102.96,772890477.2,44.29382706,67,5.450442758,23.33066332,22.91666518,7354430040,4.526746225,3.102955543,10.38500023,46.328,64.704,1.157148164
Mauritius,102.2,265641239.4,99,26.2,30.39027511,5.705010141,25.98549052,4663313620,8.202791783,3.409929294,9.177000046,57.33,71.66341463,7.499381007,89.23,460511368.2,99.42006683,22.1,7844.761294,2.78458866,17.45557458,14181951059,3.759677227,1.447272084,6.429999828,59.207,74.41634146,8.808760432
Malawi,50.9,25999996.36,4.8,33.4,0.206332921,35.66084815,16.15872227,1743506531,1.576077837,30.53395149,5.788000107,85.39,45.09,8.424849535,117.66,77012306,18.02,34.5,15.37764944,21.62943584,18.37113077,9880675786,4.391688296,6.129094001,5.757999897,83.063,63.798,5.813792856
Malaysia,60.78,3787631579,100,36,44.91629121,8.599021888,48.32057149,93789736842,8.85886817,8.855216851,3,38.023,72.594,2.697666446,107.42,8304480742,100,39.2,5713.137892,7.512087639,38.29142952,3.59E+11,4.84305661,0.624729188,3.299999952,23.964,75.997,5.953617841
North America,0.153802286,4.17E+11,100,47.5,2363.187888,1.213876489,22.92724096,1.10E+13,4.185286714,2.235474406,4.275388135,20.89757588,76.88199634,5.784883234,101.62,2.57E+11,100,32.15,62270.92997,0.980514683,18.99426358,2.23E+13,2.978078505,1.61741439,4.112751072,17.82693574,78.98679131,5.674700113
Namibia,107.07,196350763.3,36.5,25.8,6.60727357,10.73102477,23.47216566,3922247990,3.492183364,11.28112665,20.29999924,67.627,52.192,0,101.92,234372724.5,53.96953964,20.7,149.4914839,7.768297709,26.86990511,13682062249,1.059943471,4.428484637,19.87999916,49.968,63.373,1.088654391
Niger,39.23,15767212.37,6.481481481,42.5,0.182215467,36.57556007,18.09837916,2241753120,-1.208477743,3.178393703,1.49000001,83.814,49.928,7.007111512,119.29,466042273,17.6,47.2,0.490134244,37.66166253,19.74173756,12808660528,7.210803008,2.175787868,0.545000017,83.575,62.024,4.185802425
Nigeria,67.25,1140167556,42.93611908,30.1,0.643520119,21.3572413,33.82300329,69448756933,5.015934757,22.6737374,3.953999996,65.16,46.267,5.075929204,101.9,775247400,56.5,34.8,184.2096134,21.20377372,25.73330658,3.97E+11,1.922757342,10.22848509,8.456000328,49.656,54.332,18.45126566
Nicaragua,60.57,266500000,72.77522278,63.5,4.635942843,17.76550514,20.15532814,5107329007,4.101590251,8.56622836,7.354000092,44.815,69.527,6.287738909,107.98,837600000,87.19432068,60.6,69.29083001,15.32219605,24.99565355,13025239912,-3.363687646,2.658974525,5.199999809,41.478,74.275,5.167155252
Netherlands,94.26,63109732335,100,47.7,2084.813637,2.298636968,21.74037128,4.16E+11,4.195642498,3.420369821,2.730000019,23.205,77.98780488,5.899606929,86.9,-3.45E+11,100,40.8,100581.5238,1.650673719,17.80572542,9.14E+11,2.360915095,2.437090745,3.829999924,8.51,81.81219512,3.44848319
Norway,92.63,8332062186,100,41.1,1557.293426,1.82301532,36.49480555,1.71E+11,3.204979222,15.38972664,3.460000038,23.98,78.63414634,9.889670335,96.35,-5664319362,100,37,20886.24895,1.862995582,31.79276288,4.37E+11,1.118828479,6.651608266,3.799999952,17.752,82.75853659,13.04832495
Nepal,62.42,-484826.7123,28.91624069,32.5,0.888454303,38.24389704,20.73557003,5494252208,6.199999988,4.472433713,1.855000019,86.603,62.288,6.089200369,106.57,68261793.94,93.92,37,182.44777,22.33467205,13.20063963,33111525183,7.622376105,4.355858468,3.193000078,80.26,70.478,6.250742092
New Zealand,72.71,-1507812033,100,36.6,1388.742042,7.75290181,23.58998323,52623281957,2.905022988,2.849913455,6.130000114,13.979,78.63658537,7.109426169,100.02,2516488850,100,34.6,17618.04677,5.652368113,20.41986039,2.12E+11,3.20574788,2.035857045,4.329999924,13.462,81.85853659,7.885659454
OECD members,0.151991553,1.31E+12,99.62107082,47.23823529,971.7619336,1.769795937,26.03092012,2.76E+13,4.058578963,3.173839533,6.776392652,24.3900601,76.92725513,6.919786975,98.86,2.13E+11,99.89758113,41.62631579,30122.68051,1.396238778,22.30024046,5.35E+13,2.373009707,2.00062206,5.4649112,19.40535304,80.10453371,5.357208067
Oman,64.04,82000000,100,19.5,20.38511426,2.242058668,59.15665454,19507452536,6.55106665,17.40872535,4.093999863,28.431,72.126,9.903174506,130.65,5941222367,100,27.4,156.7457836,1.849420191,53.89353115,91505851756,1.287103915,11.73229461,1.799999952,15.461,77.633,9.074202769
Other small states,0.153500593,4541232254,60.41588699,59.67894737,115.2952713,4.287758069,14.78992193,91409484062,12.41819164,4.024793341,13.66165815,50.17903198,60.24525473,8.461444602,98.86,7067493835,77.48413348,39.24615385,4682.763452,2.076484841,42.52526019,4.42E+11,2.209113589,2.732764144,9.923449443,37.88180965,68.54681339,11.40999755
Pakistan,66.91,308000000,70.34899139,26.1,0.590777266,25.61725958,17.5484571,82017743416,4.260088011,38.51198619,0.578999996,67.018,62.82,4.772991851,108.14,1737000000,72.63497925,34.1,109.1324828,22.85564472,17.91220506,3.15E+11,5.836417498,2.459286095,4.079999924,63.334,67.114,4.324576998
Panama,78.45,827800000,81.40141009,43.9,133.9668943,6.293273429,21.54830071,12304115000,2.715374155,-1.248182202,3.813999891,37.802,75.06,2.976080218,103.64,5267261732,94.94482422,37.2,2141.556784,2.248462435,27.752842,64929409212,3.685344349,0.673383441,3.832999945,32.291,78.329,4.826739623
Peru,55.32,809696760,72.496495,38.9,10.36941292,8.069374917,29.0341337,51744749133,2.694371398,3.524720039,4.883999825,26.958,71.111,6.861138937,111.05,6193947139,95.2,36.8,257.3363283,6.863983464,31.66063807,2.23E+11,3.96915687,2.267261262,3.49000001,22.093,76.516,6.529788862
Philippines,73.41,1487000000,74.65086365,47.2,5.044335667,13.94109439,34.97528449,83669693589,4.382504834,5.816933559,3.653000116,53.865,68.793,5.215001983,104.48,9948598824,94.43275452,42.9,92.85391994,9.650140358,30.56374015,3.47E+11,6.341485571,3.74065383,2.339999914,53.093,71.095,9.614746316
Palau,,3177647.2,97.91555786,72.5,0,3.924332268,14.15191647,146297500,3.528362361,28.7415529,17.47800064,29.662,70.49365854,0,98.86,21500000,100,75.8,837.4741779,3.512469266,8.991921321,284700000,-0.107219442,-0.103196146,12.42599964,20.07,65.941,15.20177688
Papua New Guinea,74.3,96495382.31,8.552684784,41.5,1.504682572,33.96639208,39.32907414,3521339699,-2.494841993,13.10241804,2.920000076,86.796,59.265,0,103.71,1134643538,58.88763428,39.3,49.84706595,16.97383549,36.92404502,24109509853,-0.279252285,9.797605661,2.563999891,86.831,64.263,2.766404534
Poland,93.32,9335000000,100,43.2,155.0096452,3.126724321,28.79317232,1.72E+11,4.561025896,6.123321751,16.30999947,38.284,73.74878049,5.973254086,106.15,17624000000,100,40.7,16227.07194,2.338426296,28.5367101,5.87E+11,5.353703355,1.201610335,3.849999905,39.942,77.60243902,3.381796949
Pre-demographic dividend,6.832845968,4592048616,22.53642822,84.05151515,0.505268301,20.27221748,39.2685175,2.78E+11,5.439843954,9.17986883,5.059550412,67.93094886,50.6737762,5.970940768,98.86,9354700756,46.72452005,52.12777778,61.19309262,17.25189826,31.87135646,1.34E+12,2.532169677,3.102955543,6.12690082,58.77309898,60.820942,9.387595594
Puerto Rico,124.57,254789765.5,100,57.6,95.1222953,0.660110402,46.06186529,61701800000,3.271964529,3.295071907,10.07999992,5.613,76.68926829,2.242058668,103.44,119435105.7,100,64.4,384.8618099,0.708149616,50.77879614,1.01E+11,-4.147474747,1.784931078,9.199999809,6.422,79.77819512,15.20177688
Portugal,93.18,7292581671,100,43.8,162.3932432,3.109748284,24.4615744,1.18E+11,3.816178063,3.420268727,3.809999943,45.601,76.31463415,5.925031387,101.95,7846086578,100,39.8,15977.32827,2.036529883,19.29930797,2.42E+11,2.849325934,1.812996752,6.989999771,34.789,81.32439024,6.204084499
Paraguay,42.7,107800000,89.24497986,54.5,6.081929675,12.85665776,35.563533,8855705140,-2.314140568,14.66450544,7.610000134,44.669,70.546,4.873016777,109.21,329365809.6,99.6,35,248.4161672,10.25270136,33.25367724,40225448341,3.204250341,1.960248198,6.21999979,38.415,74.131,3.955773025
West Bank and Gaza,100.88,62005481.83,99.7,22.5,3.697676882,9.681008902,21.49248887,4313600000,-8.556183567,10.44234504,10.63000011,28.031,71.022,10.01599354,97.32,210694555.5,99.9903717,15.3,469.0214916,7.359645135,19.28412568,16276600000,1.227077378,-0.301992725,26.26000023,23.836,73.895,9.153622981
Pacific island small states,0.126458497,35495863.1,54.79882659,39.05555556,15.42658127,0.668952155,18.00164872,3444921970,-1.549818201,2.178970581,3.179532391,65.45607525,66.55714298,8.545171971,103.73,598468288.7,85.21815975,39.35555556,168.2050848,0.155007664,13.51697565,10656209173,2.917547276,3.207796452,2.851626675,61.26908491,69.9290488,6.114894056
Post-demographic dividend,0.155106085,1.33E+12,99.96710192,49.27419355,1151.922652,1.606932563,25.6886886,2.64E+13,4.002922923,1.928375557,6.531343342,23.53072101,77.35564394,6.872388886,95.56,2.27E+11,99.99518581,38.78611111,36398.67826,1.240119743,21.63975142,5.05E+13,2.280491612,2.023111923,5.286273426,18.71972493,80.69375109,5.555944316
Qatar,78.73,251599999.9,100,47.1,61.95022542,0.372799554,19.16068042,17759890110,3.686944167,29.45282511,0.842000008,3.689,77.467,2.242058668,112.64,-2186263736,100,11.3,396.5226794,0.218257646,60.38152349,1.83E+11,1.234872202,12.41440353,0.109999999,0.865,80.1,17.86023911
Romania,80.13,1037000000,100,55.8,39.01837474,10.85391805,30.26346214,37253259017,2.461263459,43.18078915,6.96999979,46.996,71.16341463,3.230936032,125.52,7343560129,100,40,15938.09583,4.331834131,28.1915063,2.41E+11,4.474523775,6.186225461,4.190000057,46.002,75.35853659,5.591096785
Russian Federation,69.05,2678030000,100,47.1,17.09491841,5.751715628,33.91897032,2.60E+11,10.00006682,37.69792821,10.57999992,26.65,65.48365854,1.82301532,104.5,8784850000,100,46.3,5190.622322,3.394254979,32.55431338,1.66E+12,2.80724541,9.997924911,4.849999905,25.567,72.66219512,11.29007838
Rwanda,67.41,8099999.9,6.2,41.2,0.896473453,31.20472926,16.7867267,2067528500,8.37091824,3.279437528,0.787,85.074,48.649,1.21923333,89.59,366192315.5,34.74223709,33.2,36.49822236,24.61496878,17.34432226,9640280084,8.579424541,-0.62603277,1.110999942,82.789,68.7,11.67183303
South Asia,0.132040398,4367540968,57.37150091,34.32,1.413845497,22.44211986,25.54086687,6.30E+11,4.107516227,4.472433713,4.933336882,72.61869731,62.82398281,5.025635013,103.37,48656125367,92.36122729,43.5875,172.1381885,16.24278509,25.56828099,3.44E+12,6.444305921,3.443495826,5.119796324,66.00764801,69.41226994,4.096851874
Saudi Arabia,84.29,-1881066667,100,14.9,13.0919322,4.921114187,54.16668282,1.90E+11,5.625416143,10.94798496,4.570000172,20.152,72.561,2.920000076,113.29,4247107441,100,15.7,161.5594831,2.224446294,49.54066522,7.87E+11,2.434110781,11.50846501,6.039999962,16.156,74.998,8.559116322
Sudan,78.67,392200000,23,49.7,0.231581901,40.68217391,20.07971786,12257418326,6.345867769,9.853136581,15.22999954,67.505,58.472,2.731019415,117.34,1135787164,52.29756546,45.4,4.617055662,21.99347316,20.7757619,30964349685,-2.68093055,55.97532544,17.57999992,65.358,65.095,0.157818442
Senegal,73.87,81643690.12,37.74,50.3,1.025386762,16.4392452,24.0081947,6013184809,3.887210958,1.308659849,5.605999947,59.68,57.787,7.161618603,104.18,847841574.8,66,45.1,17.15620294,14.98751956,24.01344539,23116699808,6.209241034,-0.839644465,3.275000095,52.808,67.665,3.616033041
Singapore,56.67,15515295182,100,26.2,531.6412212,0.092131733,32.4585045,96074477958,9.039146751,3.862686509,3.700000048,0,77.95121951,2.681721792,112.84,83110792594,100,20.6,84713.85836,0.03020958,25.49854188,3.76E+11,3.497469601,3.347638991,3.642999887,0,83.29756098,4.546434999
Sierra Leone,29.43,39000824.52,100,272,0.467607576,55.01416209,26.75921137,635874002.2,6.652727885,3.281143083,3.434000015,64.374,39.441,13.812971,74.19,250446053.5,26.1,30.7,52.86248045,58.93440965,5.270389825,4085114794,3.46460214,14.02199248,4.659999847,57.945,54.309,3.827412485
El Salvador,82.69,173400000,84.519249,34.8,13.58371132,7.172784777,26.87772111,11784927700,1.127906977,3.27263167,6.960000038,41.088,68.875,4.88468573,93.55,412743968.4,97,35.6,90.64375757,5.13276853,25.07550676,26020850000,2.432287587,1.696558433,4.010000229,27.977,73.096,3.976212168
Serbia,70,154499589.9,100,30.9,7.405948568,17.07003378,35.29304497,6875845987,6.13181309,80.99265639,12.60000038,47.231,71.58292683,2.920000076,105.97,4071895068,100,36.6,6899.718214,6.342783371,25.49751601,50640650221,4.495121293,1.974942562,12.72999954,43.908,75.8902439,6.168525555
Sub-Saharan Africa (excluding high income),5.615945126,6850869031,26.01955275,72.45116279,3.673034957,15.49454407,28.70859425,4.22E+11,3.413133056,9.182191416,6.66825502,68.64867782,50.44749089,7.082923348,100.41,29643723139,45.83025621,47.07608696,711.4921485,15.78190155,26.81951415,1.75E+12,2.689488452,3.956473697,6.484791635,59.82439626,61.27199431,7.178951317
Sub-Saharan Africa,5.615735246,6875196028,26.02848894,71.90454545,3.679677674,15.47600884,28.71073791,4.23E+11,3.410968214,8.844396247,6.66825502,68.64635097,50.45021391,7.092753605,123.49,29951387793,45.83511708,46.71489362,735.3101034,15.76977387,26.80589246,1.75E+12,2.688693063,3.52971462,6.484791635,59.82291426,61.27303249,7.171420842
Small states,0.147788704,6285066786,66.68720838,49.76666667,99.62763652,4.690905775,17.56567262,1.29E+11,18.21377996,2.891975101,12.96812054,51.10438795,63.1110298,8.145335445,101.83,10501099770,81.62508776,38.59791667,3745.828623,2.66231776,39.60137528,5.28E+11,2.171712198,2.714492109,9.335476341,41.27738559,69.5410318,10.49008525
Sao Tome and Principe,77.02,3800000,52.9,51,0,17.92231134,6.849546247,13742057.05,-0.970599814,12.82618908,14.39999962,46.576,61.365,5.85261182,75.47,23698321.49,71,37,56.86341408,11.11538307,14.24727077,412253809.7,2.945268909,1.715798347,14.06099987,27.197,70.17,6.306664389
Suriname,64.07,-97200000,95.4648056,27.9,11.33945412,9.539245695,24.8905012,947671969.7,2.099998868,60.74282138,12.73799992,33.556,67.822,7.732394366,98.35,130960766.3,97.4,27.9,291.6732496,10.03286165,36.75943934,3996247906,4.948270766,5.662827217,7.926000118,33.94,71.57,5.024648201
Slovak Republic,102.36,2183119136,100,50,136.8839573,1.710305594,29.41685446,29169953013,1.166529073,9.489530011,19.05999947,43.767,73.05121951,2.336252618,98.9,2250850832,100,49.7,12993.38636,2.149858483,29.23408409,1.06E+11,3.794410553,2.034356622,6.539999962,46.274,77.26585366,2.825394374
Slovenia,104.42,135800000,100,39.2,333.8893274,3.085563229,30.46787158,20289627637,3.67237155,5.565267655,6.920000076,49.246,75.41219512,4.797474271,102.88,1538137615,100,31,33018.08096,2.245548597,28.29777721,54137142149,4.422521568,2.116788342,5.110000134,45.459,81.37804878,4.50911459
Sweden,100.34,22817836821,100,54.1,1201.199472,1.942859895,26.37305551,2.63E+11,4.766348871,1.505770482,5.46999979,15.974,79.64390244,9.316174905,85.17,-952353416.6,100,49.1,18608.45384,1.392786621,22.00243729,5.55E+11,1.950022846,2.396920335,6.360000134,12.569,82.55853659,15.20177688
Eswatini,76.26,90658006.19,100,36.6,4.695536705,12.31597575,39.39410809,1738100853,1.76017376,25.34294172,24.24399948,77.314,47.49,2.227617773,101.69,31130826.66,74.10943604,35.7,53.68423461,8.521013558,33.24160889,4665420239,2.371610521,2.812577665,22.79199982,76.201,59.401,2.080399618
Seychelles,154.57,24326996.84,94.02639008,48.4,66.83747354,2.829248854,29.01830188,614879764.8,1.514338815,3.983727231,5.662000179,49.567,72.77804878,8.767797616,103.38,307664653.8,100,30.1,264256.6297,2.032330115,11.37864398,1547690759,1.771183467,1.430599048,14.84700012,43.309,72.84146341,5.436427505
Syrian Arab Republic,112.77,270000000,100,43.5,0.280865464,24.73394994,33.31907325,80590022272,0.675642589,9.70098597,9.604000092,48.053,73.11,5.329073554,94.43,135921173.4,86,42.7,19.06160036,38.98162352,18.56272505,21490335086,1.475766476,13.60500893,8.755000114,45.838,71.779,15.20177688
Chad,43.24,115172421.5,3.186103821,74,0.083667067,40.70509403,10.91266173,1388506727,-0.879681025,5.28980486,0.806999981,78.363,47.713,0,113.76,460890507.6,10.12151718,63.5,0.45226279,45.09623634,14.36951885,11239167048,2.3740378,5.014657778,1.129999995,76.941,53.977,14.36282799
East Asia & Pacific (IDA & IBRD countries),0.130372809,48076240453,92.52949604,38.78333333,2.463212975,14.39762849,43.73619176,1.73E+12,7.63979191,4.488493398,3.412185521,63.7289359,70.19841517,5.963773079,101.42,3.11E+11,98.36506543,35.70952381,677.1460208,7.739631,39.18016773,1.66E+13,6.515541853,3.398105023,3.809416136,44.4275459,75.2562801,6.306664389
Europe & Central Asia (IDA & IBRD countries),0.157799982,19359523101,99.88022642,54.37368421,39.48496027,8.172483994,29.76329572,8.94E+11,7.398942707,22.63187361,11.24987914,36.40297887,68.15707201,7.732394366,100.56,69740352876,99.98370004,33.01363636,6123.403827,4.69877636,30.42933628,4.07E+12,3.508360617,3.447445127,6.691823963,33.67081963,74.03943633,6.574761284
Togo,56.42,52818330.99,16.95623488,52.5,0.155722636,30.56164478,15.93204331,1491891108,-0.783479606,10.04945674,3.984999895,67.093,53.491,2.485028798,104.74,-180972714.8,50,48.2,7.732192349,20.44048838,21.00019188,7112200725,4.9762131,1.33588276,3.729000092,58.298,60.76,2.790990547
Thailand,79.61,3365987583,82.1,36.4,11.2061856,8.499848121,36.66940838,1.26E+11,4.455247043,1.331049959,2.390000105,68.614,70.623,4.491072731,106.45,13186328518,99.82,29.5,953.859638,8.183701765,34.75117305,5.07E+11,4.189585496,1.432248539,0.769999981,50.051,76.931,5.078622798
Tajikistan,32.44,23543299.9,98.46774194,79.9,0.265696097,25.12453126,35.27732692,860521119.3,8.324324495,22.63187361,15.13099957,73.499,61.974,5.329073554,111.29,220862232.3,99.3,67.3,27.36009077,19.77196478,34.3983608,7765014424,7.599999387,2.492227082,7.012000084,72.866,70.879,0.751223937
Turkmenistan,58.5,131000000,99.6,47.1,0.196571363,22.53877082,41.06069309,2904732773,5.469064133,23.46454819,11.53600025,54.087,63.613,1.21923333,93.31,1997297379,100,,5.981983633,11.04156884,44.90639828,40765428571,6.199999941,1.21087594,4.234000206,48.407,68.073,6.306664389
Latin America & the Caribbean (IDA & IBRD countries),0.123282906,79627171983,91.50401708,48.55,20.71974074,5.007353061,29.26949779,2.18E+12,3.545683526,5.400736531,9.078529128,24.64761287,71.53435678,5.793930585,,1.74E+11,97.7473978,46.76333333,1243.808857,5.583902768,28.85216233,5.46E+12,1.729455104,2.352816325,7.977830848,19.35576732,75.35732803,5.736877058
Middle East & North Africa (IDA & IBRD countries),0.125475892,5058760397,89.35281723,59.90909091,1.881506542,11.718376,35.9421687,5.28E+11,6.239830566,9.70098597,13.20069714,44.7278735,69.3370643,5.006499848,,15129481287,95.58886634,41.5,189.0846513,8.939865683,34.13301282,1.30E+12,0.592702744,10.67841768,11.46252037,38.58472266,73.58362363,7.233921078
Tonga,69.72,9212396.872,85.57647705,27.5,9.617141593,19.636923,18.10590019,204849612.6,0.875990063,5.568159134,4.079999924,76.988,69.667,0,102.35,19911276.38,99.13130188,27.5,174.4202948,17.0682174,15.37912254,489235527.4,0.300009404,5.149662807,3.069999933,76.869,70.801,12.7842664
South Asia (IDA & IBRD),0.132040398,4367540968,57.37150091,34.32,1.413845497,22.44211986,25.54086687,6.30E+11,4.107516227,4.472433713,4.933336882,72.61869731,62.82398281,5.025635013,104.9,48656125367,92.36122729,43.5875,172.1381885,16.24278509,25.56828099,3.44E+12,6.444305921,3.443495826,5.119796324,66.00764801,69.41226994,4.096851874
Sub-Saharan Africa (IDA & IBRD countries),5.615735246,6875196028,26.02848894,71.90454545,3.679677674,15.47600884,28.71073791,4.23E+11,3.410968214,8.844396247,6.66825502,68.64635097,50.45021391,7.092753605,95.2,29951387793,45.83511708,46.71489362,735.3101034,15.76977387,26.80589246,1.75E+12,2.688693063,3.52971462,6.484791635,59.82291426,61.27303249,7.171420842
Trinidad and Tobago,115,679500036,91.29,39.2,44.4228939,1.357193887,47.53604681,8154338233,6.901359591,12.04315306,12.10000038,44.095,69.413,5.143475635,107.67,-700185701.2,100,39.7,281.3271446,1.039343363,42.22843849,23679919655,0.066049775,5.577266361,3.336999893,46.816,73.38,1.629548694
Tunisia,67.05,750720443.6,94.8,61.2,6.205780873,10.00631935,26.80662105,21473261837,4.709972903,3.283579422,14.93999958,36.568,73.172,3.346552992,101.43,988942901,99.8,60.2,316.2071604,9.915390953,23.75057995,42570270107,2.510907072,7.751826419,15.46000004,31.055,76.505,3.870014299
Turkey,72.59,982000000,100,46.1,86.34397515,10.03285265,26.79741217,2.74E+11,6.933239705,49.36077624,6.5,35.259,70.005,1.21923333,105.58,12822000000,100,40.4,4334.06133,5.776012221,29.40462226,7.78E+11,2.979885235,16.47581834,10.89000034,24.857,77.437,2.445906291
Tanzania,38.95,463400858.8,9.056112289,43.8,0.496092908,26.20825887,19.20492173,13375976354,4.520784635,8.201104251,3.062999964,77.691,50.801,17.99996664,92.05,971576866,35.22945023,44,27.29366011,27.86859954,27.00776558,57003713611,5.444967601,2.975536618,2.20600009,66.224,65.015,7.866142936
Uganda,101.22,160700000,7.318620205,36.7,0.277536527,27.50910688,21.4381816,6193246837,3.141907338,11.11730588,3.026000023,85.214,46.229,7.732394366,100.86,1055353353,42.7,33.7,20.22044403,23.25029354,26.23601165,32927025573,6.303923781,4.443385268,1.922999978,76.226,62.973,5.693092358
Ukraine,61.81,595000000,100,57.3,12.36082059,13.95178507,31.65027707,32375280321,5.9,27.50141203,11.71000004,32.855,67.67560976,3.315210968,107.77,4975000000,100,41.7,6027.80865,10.13953311,23.29333298,1.31E+11,3.488362342,15.39853035,8.800000191,30.648,71.58268293,11.74544681
Upper middle income,0.134589671,1.29E+11,95.37198456,44.39318182,11.61646542,8.32294875,34.3913907,4.31E+12,6.363904251,7.779617759,5.538164086,50.56164989,70.59656707,6.033833185,97.49,4.71E+11,99.23984975,38.43529412,1608.547982,6.085549361,35.07044329,2.36E+13,4.925522073,3.226106405,5.767452356,34.03771895,75.74501834,18.08020773
Uruguay,65.86,262825000,97.55148315,71.3,35.72201485,5.9941938,22.04520372,22823255802,-1.929930638,3.539308495,12.63000011,7.972,74.731,9.087236747,92.21,1825189013,99.8,41.8,1574.816846,5.831527578,18.2203776,64515038268,0.477907184,7.10189068,8.340000153,4.666,77.77,9.05274665
United States,83.17,3.49E+11,100,47.1,2481.715612,1.150456365,22.45438622,1.03E+13,4.127484017,2.235474406,3.99000001,20.943,76.63658537,5.885102478,105.95,2.14E+11,100,43.8,65833.81033,0.920560058,18.52782331,2.06E+13,2.996464352,2.400981114,3.900000095,17.744,78.63902439,5.667990238
Uzbekistan,35.42,74700000,99.57293701,96.7,0.070022127,30.05590367,20.22975796,13760513969,3.834999999,47.29261521,12.22700024,53.874,67.156,1.21923333,105.03,624686535.5,100,32.1,278.9468414,26.76078031,27.76006959,52633143808,5.354996888,26.98286145,5.835000038,49.522,71.573,11.61087088
St. Vincent and the Grenadines,77.32,37744444.44,79.84091187,45,18.47404397,7.429596882,17.10050378,396262963,1.639033243,-0.216447546,20.95499992,54.814,70.809,0,102.76,41585789.01,100,39.3,90.73586789,7.258583618,14.97368193,811300000,2.159730034,0.248777212,19.18000031,47.802,72.415,8.840825135
Vietnam,56.4,1298000000,87.80696106,39.9,2.296298566,24.534582,36.73077533,31172518403,6.787316408,3.408827662,2.25999999,75.626,73.025,7.732394366,108.49,15500000000,100,37.8,1769.368394,14.68197863,34.23237727,2.45E+11,7.075788617,3.398105023,1.159999967,64.081,75.317,2.406083644
Vanuatu,74.06,20256089.64,22.15377617,8.4,42.33413486,22.96413023,11.22299084,272014693.1,5.924809057,2.178970581,1.687000036,78.327,67.363,7.397230453,97.93,37583468.42,61.77245331,8.5,198.1720338,21.21939844,10.02967123,914727908.1,2.900230273,3.207796452,1.809000015,74.726,70.323,4.560291208
World,0.538033567,1.57E+12,78.73603409,53.10368098,187.2830326,3.38379829,27.70401615,3.38E+13,4.50127812,4.680307819,5.769080838,53.31069395,67.54902,6.722018937,96.52,9.32E+11,89.43294573,40.29157895,6163.279003,3.927336001,27.11308514,8.63E+13,3.269672697,2.703272053,5.389808034,44.72330896,72.57410224,5.717944806
Samoa,80.86,-1206806.284,87.83878326,19.3,26.88981629,16.16182506,24.70746364,269019710.3,6.918794454,2.891975101,4.664000034,78.023,68.748,5.329073554,101.03,16713450.86,99.9936142,19.3,535.3646598,9.746917646,15.23190468,821286927.5,-1.233162407,1.155776904,8.68599987,81.757,73.187,0.975006552
"Yemen, Rep.",58.76,6399510,49.18035126,196.7,0.215937444,13.74489147,46.34885748,9652436180,6.181915593,23.55203431,11.55799961,73.733,60.683,7.397230453,97.54,-282098333.3,62,26.6,3.754559465,5.000962579,35.61068161,21606140907,0.75244741,14.85366497,13.14500046,63.358,66.096,12.36170536
South Africa,71.57,968831356,72.24764252,37.1,52.07258759,2.614747993,28.22975551,1.52E+11,4.200000001,9.182191416,29.87999916,43.109,56.048,8.114899655,103.62,5569462350,84.7,29.1,12031.59163,2.275252101,23.50699445,4.05E+11,1.487617373,3.956473697,26.90999985,33.645,63.857,5.802692747
Zambia,46.81,121700000,16.7,15.4,0.367485311,16.14977346,23.24389415,3600683040,3.897322943,32.61387051,12.93000031,65.198,44,7.772514651,102.65,408438491.7,39.82230377,15.6,41.20630388,3.341123992,34.48532158,26311590297,4.034493897,7.411570948,12.01000023,56.479,63.51,4.68948117
